time,battery_level
2023-12-30 15:49:06.461103341+00:00,100.0
2023-12-30 15:50:23.195761001+00:00,100.0
2023-12-30 16:06:55.769825176+00:00,100.0
2023-12-30 16:14:18.341789997+00:00,88.4
2023-12-30 16:18:13.380888203+00:00,85.4
2023-12-30 16:22:11.026028765+00:00,83.4
2023-12-30 16:26:09.616145302+00:00,79.4
2023-12-30 16:30:07.905092586+00:00,83.4
2023-12-30 16:34:05.711095503+00:00,79.4
2023-12-30 16:38:04.069048131+00:00,78.4
2023-12-30 16:42:02.048086043+00:00,81.4
2023-12-30 16:44:56.953617780+00:00,80.4
2023-12-30 16:45:17.942954250+00:00,78.4
2023-12-30 16:51:14.506290425+00:00,81.4
2023-12-30 16:55:12.386126922+00:00,81.4
2023-12-30 16:59:11.082828024+00:00,81.4
2023-12-30 17:03:09.374522906+00:00,78.4
2023-12-30 17:07:07.149426230+00:00,78.4
2023-12-30 17:11:05.325943370+00:00,77.4
2023-12-30 17:15:03.512722506+00:00,78.4
2023-12-30 17:19:02.073790942+00:00,80.4
2023-12-30 17:23:00.503333253+00:00,78.4
2023-12-30 17:26:58.886229959+00:00,80.4
2023-12-30 17:30:56.968173680+00:00,78.4
2023-12-30 17:34:55.151171540+00:00,75.4
2023-12-30 17:38:53.332099001+00:00,75.4
2023-12-30 17:42:51.514670576+00:00,74.4
2023-12-30 17:46:49.493883817+00:00,79.4
2023-12-30 17:50:47.780154563+00:00,78.4
2023-12-30 17:54:45.863080676+00:00,74.4
2023-12-30 17:58:44.252686673+00:00,78.4
2023-12-30 18:02:42.337861615+00:00,73.4
2023-12-30 18:06:40.729404484+00:00,77.4
2023-12-30 18:10:38.194361207+00:00,76.4
2023-12-30 18:14:36.476519254+00:00,76.4
2023-12-30 18:18:35.072564614+00:00,76.4
2023-12-30 18:22:33.468702774+00:00,75.4
2023-12-30 18:26:31.138536187+00:00,73.4
2023-12-30 18:30:29.831785650+00:00,76.4
2023-12-30 18:34:27.674651602+00:00,73.4
2023-12-30 18:38:25.923094551+00:00,78.4
2023-12-30 18:42:24.281121036+00:00,72.4
2023-12-30 18:46:22.462211026+00:00,78.4
2023-12-30 18:50:20.751113733+00:00,76.4
2023-12-30 18:54:18.317052087+00:00,72.4
2023-12-30 18:58:17.234446631+00:00,74.4
2023-12-30 19:02:15.522359847+00:00,76.4
2023-12-30 19:06:13.715835902+00:00,76.4
2023-12-30 19:10:11.687269326+00:00,75.4
2023-12-30 19:14:10.537354297+00:00,76.4
2023-12-30 19:18:08.243733346+00:00,75.4
2023-12-30 19:22:05.916336643+00:00,75.4
2023-12-30 19:26:04.612320442+00:00,75.4
2023-12-30 19:30:02.706003346+00:00,75.4
2023-12-30 19:34:00.878644253+00:00,72.4
2023-12-30 19:37:59.063132075+00:00,76.4
2023-12-30 19:41:56.632438601+00:00,76.4
2023-12-30 19:45:54.720496414+00:00,76.4
2023-12-30 19:49:53.514557398+00:00,74.4
2023-12-30 19:53:51.083218386+00:00,76.4
2023-12-30 19:57:49.924534934+00:00,71.4
2023-12-30 20:01:47.834748082+00:00,73.4
2023-12-30 20:05:46.154669322+00:00,74.4
2023-12-30 20:09:44.235401223+00:00,76.4
2023-12-30 20:13:42.019839413+00:00,76.4
2023-12-30 20:17:40.703800941+00:00,71.4
2023-12-30 20:21:38.273880878+00:00,71.4
2023-12-30 20:25:36.975572522+00:00,74.4
2023-12-30 20:29:34.641706597+00:00,75.4
2023-12-30 20:33:32.826949975+00:00,76.4
2023-12-30 20:37:31.520569830+00:00,72.4
2023-12-30 20:41:29.706286025+00:00,73.4
2023-12-30 20:45:27.990196979+00:00,73.4
2023-12-30 20:49:26.379667557+00:00,71.4
2023-12-30 20:53:24.771727917+00:00,75.4
2023-12-30 20:57:22.953832749+00:00,75.4
2023-12-30 21:01:20.938365396+00:00,71.4
2023-12-30 21:05:18.708803466+00:00,73.4
2023-12-30 21:09:17.300537318+00:00,70.4
2023-12-30 21:13:15.236473585+00:00,71.4
2023-12-30 21:17:13.568570994+00:00,73.4
2023-12-30 21:21:11.757795640+00:00,71.4
2023-12-30 21:25:09.501494484+00:00,73.4
2023-12-30 21:29:07.967440580+00:00,73.4
2023-12-30 21:33:06.304969001+00:00,71.4
2023-12-30 21:37:04.601289303+00:00,73.4
2023-12-30 21:41:02.264984893+00:00,72.4
2023-12-30 21:45:00.864094150+00:00,74.4
2023-12-30 21:48:59.251982103+00:00,70.4
2023-12-30 21:52:57.429778912+00:00,72.4
2023-12-30 21:56:55.160814448+00:00,76.4
2023-12-30 22:00:53.591469757+00:00,70.4
2023-12-30 22:04:51.704665447+00:00,72.4
2023-12-30 22:08:49.959395262+00:00,70.4
2023-12-30 22:12:47.601270952+00:00,72.4
2023-12-30 22:16:46.479580545+00:00,74.4
2023-12-30 22:20:43.870506631+00:00,69.4
2023-12-30 22:24:41.983084404+00:00,69.4
2023-12-30 22:28:40.887363932+00:00,70.4
2023-12-30 22:32:38.329459124+00:00,73.4
2023-12-30 22:36:37.153439922+00:00,74.4
2023-12-30 22:40:35.132604328+00:00,74.4
2023-12-30 22:44:32.918900618+00:00,74.4
2023-12-30 22:48:31.813191703+00:00,72.4
2023-12-30 22:52:29.889678296+00:00,69.4
2023-12-30 22:56:28.056093707+00:00,71.4
2023-12-30 23:00:25.854213085+00:00,73.4
2023-12-30 23:04:23.933686200+00:00,74.4
2023-12-30 23:08:22.626262811+00:00,72.4
2023-12-30 23:12:20.365365398+00:00,70.4
2023-12-30 23:16:18.657809900+00:00,69.4
2023-12-30 23:20:17.343563962+00:00,72.4
2023-12-30 23:24:15.059926232+00:00,69.4
2023-12-30 23:28:13.858916612+00:00,72.4
2023-12-30 23:32:11.835989+00:00,72.4
2023-12-30 23:36:09.652648308+00:00,73.4
2023-12-30 23:40:08.374231030+00:00,70.4
2023-12-30 23:44:06.083102141+00:00,71.4
2023-12-30 23:48:04.785965788+00:00,74.4
2023-12-30 23:52:03.273690061+00:00,68.4
2023-12-30 23:56:00.636783049+00:00,68.4
2023-12-30 23:59:59.447633077+00:00,71.4
2023-12-31 00:03:57.527583140+00:00,72.4
2023-12-31 00:07:56.432278879+00:00,73.4
2023-12-31 00:11:54.303552274+00:00,70.4
2023-12-31 00:15:51.667631638+00:00,73.4
2023-12-31 00:19:50.156068437+00:00,71.4
2023-12-31 00:23:48.444497543+00:00,68.4
2023-12-31 00:27:46.620585768+00:00,71.4
2023-12-31 00:31:44.608057632+00:00,68.4
2023-12-31 00:35:42.177382958+00:00,70.4
2023-12-31 00:39:40.842288846+00:00,73.4
2023-12-31 00:43:39.163692979+00:00,70.4
2023-12-31 00:47:37.447487765+00:00,72.4
2023-12-31 00:51:35.735238064+00:00,72.4
2023-12-31 00:55:33.820888151+00:00,71.4
2023-12-31 00:59:32.725070140+00:00,73.4
2023-12-31 01:03:30.314858022+00:00,70.4
2023-12-31 01:07:28.336419970+00:00,72.4
2023-12-31 01:11:26.863165148+00:00,72.4
2023-12-31 01:15:24.843696479+00:00,72.4
2023-12-31 01:19:22.311959011+00:00,72.4
2023-12-31 01:23:20.689913207+00:00,70.4
2023-12-31 01:27:19.408830019+00:00,70.4
2023-12-31 01:31:17.070427327+00:00,69.4
2023-12-31 01:35:15.328024234+00:00,71.4
2023-12-31 01:39:13.643161511+00:00,71.4
2023-12-31 01:43:11.729625645+00:00,70.4
2023-12-31 01:47:10.217853337+00:00,71.4
2023-12-31 01:51:08.403097149+00:00,68.4
2023-12-31 01:55:06.489111697+00:00,70.4
2023-12-31 01:59:04.748313950+00:00,71.4
2023-12-31 02:03:02.363705285+00:00,70.4
2023-12-31 02:07:01.070583655+00:00,67.4
2023-12-31 02:10:59.224774088+00:00,68.4
2023-12-31 02:14:57.560240665+00:00,69.4
2023-12-31 02:18:55.596660569+00:00,71.4
2023-12-31 02:22:53.884747280+00:00,72.4
2023-12-31 02:26:51.975433713+00:00,71.4
2023-12-31 02:30:50.455343511+00:00,67.4
2023-12-31 02:34:48.135566905+00:00,66.4
2023-12-31 02:38:47.031494748+00:00,68.4
2023-12-31 02:42:45.011190875+00:00,66.4
2023-12-31 02:46:43.090111958+00:00,71.4
2023-12-31 02:50:41.274711169+00:00,66.4
2023-12-31 02:54:40.282175863+00:00,70.4
2023-12-31 02:58:37.616961176+00:00,68.4
2023-12-31 03:02:36.609679164+00:00,66.4
2023-12-31 03:06:33.711390097+00:00,67.4
2023-12-31 03:10:31.894117637+00:00,65.4
2023-12-31 03:14:30.487319593+00:00,67.4
2023-12-31 03:18:28.571669485+00:00,66.4
2023-12-31 03:22:26.818562183+00:00,68.4
2023-12-31 03:26:24.913276672+00:00,69.4
2023-12-31 03:30:23.225626387+00:00,66.4
2023-12-31 03:34:21.312082066+00:00,69.4
2023-12-31 03:38:19.086795281+00:00,68.4
2023-12-31 03:42:17.879913397+00:00,70.4
2023-12-31 03:46:16.071249767+00:00,68.4
2023-12-31 03:50:14.251473202+00:00,71.4
2023-12-31 03:54:12.436397268+00:00,69.4
2023-12-31 03:58:10.627720393+00:00,65.4
2023-12-31 04:02:08.807422296+00:00,65.4
2023-12-31 04:06:07.161539102+00:00,69.4
2023-12-31 04:10:05.688978194+00:00,65.4
2023-12-31 04:14:03.673402543+00:00,70.4
2023-12-31 04:18:01.343710581+00:00,70.4
2023-12-31 04:22:00.176353360+00:00,66.4
2023-12-31 04:25:58.121791043+00:00,71.4
2023-12-31 04:29:56.509678972+00:00,64.4
2023-12-31 04:33:54.695630492+00:00,70.4
2023-12-31 04:37:52.952442400+00:00,69.4
2023-12-31 04:41:51.063788354+00:00,65.4
2023-12-31 04:45:49.254369367+00:00,71.4
2023-12-31 04:49:47.421973795+00:00,65.4
2023-12-31 04:53:45.927357192+00:00,70.4
2023-12-31 04:57:44.926929892+00:00,65.4
2023-12-31 05:01:42.298588378+00:00,68.4
2023-12-31 05:05:40.380962840+00:00,66.4
2023-12-31 05:09:38.558112339+00:00,67.4
2023-12-31 05:13:36.129426634+00:00,67.4
2023-12-31 05:17:34.926161725+00:00,70.4
2023-12-31 05:21:33.122206335+00:00,68.4
2023-12-31 05:25:31.057677515+00:00,69.4
2023-12-31 05:29:29.479670429+00:00,67.4
2023-12-31 05:33:27.155882144+00:00,70.4
2023-12-31 05:37:25.850712539+00:00,64.4
2023-12-31 05:41:24.035449640+00:00,69.4
2023-12-31 05:45:22.354824364+00:00,65.4
2023-12-31 05:49:20.714911101+00:00,67.4
2023-12-31 05:53:18.354190937+00:00,64.4
2023-12-31 05:57:16.880746921+00:00,67.4
2023-12-31 06:01:14.958351594+00:00,66.4
2023-12-31 06:05:13.453617432+00:00,67.4
2023-12-31 06:09:11.607538937+00:00,66.4
2023-12-31 06:13:09.820743804+00:00,64.4
2023-12-31 06:17:07.800700764+00:00,68.4
2023-12-31 06:21:06.089639049+00:00,66.4
2023-12-31 06:25:04.904179152+00:00,64.4
2023-12-31 06:29:02.456792835+00:00,66.4
2023-12-31 06:33:00.443538862+00:00,63.4
2023-12-31 06:36:58.619921934+00:00,63.4
2023-12-31 06:40:56.909816793+00:00,63.4
2023-12-31 06:44:54.989689531+00:00,62.4
2023-12-31 06:48:54.201224916+00:00,63.4
2023-12-31 06:52:51.665619930+00:00,65.4
2023-12-31 06:56:50.263304581+00:00,62.4
2023-12-31 07:00:47.935059763+00:00,62.4
2023-12-31 07:04:46.223085424+00:00,61.4
2023-12-31 07:08:44.415170576+00:00,62.4
2023-12-31 07:12:42.794953868+00:00,65.4
2023-12-31 07:16:41.084584296+00:00,61.4
2023-12-31 07:20:39.683656635+00:00,62.4
2023-12-31 07:24:37.657238933+00:00,62.4
2023-12-31 07:28:35.739657308+00:00,62.4
2023-12-31 07:32:34.031878587+00:00,63.4
2023-12-31 07:36:33.029293187+00:00,65.4
2023-12-31 07:40:30.293393681+00:00,62.4
2023-12-31 07:44:28.484118997+00:00,62.4
2023-12-31 07:48:26.661444423+00:00,63.4
2023-12-31 07:52:25.049724859+00:00,63.4
2023-12-31 07:56:23.438204512+00:00,64.4
2023-12-31 08:00:21.456616265+00:00,64.4
2023-12-31 08:04:19.608993180+00:00,67.4
2023-12-31 08:08:17.996490545+00:00,65.4
2023-12-31 08:12:16.083414519+00:00,66.4
2023-12-31 08:16:14.372075887+00:00,63.4
2023-12-31 08:20:12.256847480+00:00,66.4
2023-12-31 08:24:10.642726438+00:00,67.4
2023-12-31 08:28:08.921197239+00:00,68.4
2023-12-31 08:32:06.943989179+00:00,63.4
2023-12-31 08:36:04.948032784+00:00,63.4
2023-12-31 08:40:03.181860528+00:00,64.4
2023-12-31 08:44:01.575831644+00:00,64.4
2023-12-31 08:47:59.644013294+00:00,62.4
2023-12-31 08:51:58.028648246+00:00,67.4
2023-12-31 08:55:56.111165749+00:00,67.4
2023-12-31 08:59:54.260174574+00:00,63.4
2023-12-31 09:03:52.687227074+00:00,64.4
2023-12-31 09:07:50.871900279+00:00,63.4
2023-12-31 09:11:49.048946794+00:00,63.4
2023-12-31 09:15:47.133921231+00:00,63.4
2023-12-31 09:19:45.216481274+00:00,63.4
2023-12-31 09:23:43.521315378+00:00,64.4
2023-12-31 09:27:42.300174424+00:00,64.4
2023-12-31 09:31:39.765788530+00:00,62.4
2023-12-31 09:35:37.852322992+00:00,62.4
2023-12-31 09:39:36.139015358+00:00,62.4
2023-12-31 09:43:34.361872371+00:00,63.4
2023-12-31 09:47:32.613280998+00:00,65.4
2023-12-31 09:51:30.828774342+00:00,65.4
2023-12-31 09:55:29.124935357+00:00,62.4
2023-12-31 09:59:27.573334874+00:00,66.4
2023-12-31 10:03:25.554192641+00:00,62.4
2023-12-31 10:07:23.734678534+00:00,62.4
2023-12-31 10:11:21.926795748+00:00,67.4
2023-12-31 10:15:20.055255550+00:00,64.4
2023-12-31 10:19:18.089211451+00:00,64.4
2023-12-31 10:23:16.169934036+00:00,63.4
2023-12-31 10:27:14.495741956+00:00,65.4
2023-12-31 10:31:12.443564558+00:00,62.4
2023-12-31 10:35:10.624793142+00:00,62.4
2023-12-31 10:39:08.852522101+00:00,64.4
2023-12-31 10:43:07.105494430+00:00,61.4
2023-12-31 10:47:05.283928339+00:00,62.4
2023-12-31 10:51:03.568232790+00:00,63.4
2023-12-31 10:55:01.651074339+00:00,60.4
2023-12-31 10:59:00.142035415+00:00,63.4
2023-12-31 11:02:58.224838003+00:00,62.4
2023-12-31 11:06:56.407777825+00:00,63.4
2023-12-31 11:10:54.589910516+00:00,61.4
2023-12-31 11:14:52.778460363+00:00,65.4
2023-12-31 11:18:51.446700616+00:00,62.4
2023-12-31 11:22:50.478826061+00:00,64.4
2023-12-31 11:26:47.328683063+00:00,63.4
2023-12-31 11:30:45.932257007+00:00,63.4
2023-12-31 11:34:43.800317085+00:00,63.4
2023-12-31 11:38:42.087674607+00:00,62.4
2023-12-31 11:42:40.173322096+00:00,62.4
2023-12-31 11:46:38.167793543+00:00,60.4
2023-12-31 11:50:36.538988597+00:00,62.4
2023-12-31 11:54:34.690222679+00:00,60.4
2023-12-31 11:58:32.815472866+00:00,63.4
2023-12-31 12:02:30.994071600+00:00,58.4
2023-12-31 12:06:29.280706109+00:00,61.4
2023-12-31 12:10:27.374608443+00:00,63.4
2023-12-31 12:14:25.748153379+00:00,61.4
2023-12-31 12:18:24.764574053+00:00,61.4
2023-12-31 12:22:22.338417578+00:00,62.4
2023-12-31 12:26:21.184752442+00:00,61.4
2023-12-31 12:30:18.828493863+00:00,60.4
2023-12-31 12:34:17.288284870+00:00,65.4
2023-12-31 12:38:15.369372120+00:00,63.4
2023-12-31 12:42:13.759397630+00:00,65.4
2023-12-31 12:46:11.942108969+00:00,63.4
2023-12-31 12:50:10.126893437+00:00,65.4
2023-12-31 12:54:08.316608721+00:00,60.4
2023-12-31 12:58:06.503715522+00:00,62.4
2023-12-31 13:02:04.454205087+00:00,62.4
2023-12-31 13:06:03.174243264+00:00,62.4
2023-12-31 13:10:00.954143998+00:00,63.4
2023-12-31 13:13:59.396333801+00:00,60.4
2023-12-31 13:17:57.427418977+00:00,62.4
2023-12-31 13:21:55.504624725+00:00,64.4
2023-12-31 13:25:53.691580525+00:00,60.4
2023-12-31 13:29:51.975517601+00:00,59.4
2023-12-31 13:33:50.161111456+00:00,64.4
2023-12-31 13:37:48.445073812+00:00,62.4
2023-12-31 13:41:46.534548732+00:00,62.4
2023-12-31 13:45:44.620995207+00:00,59.4
2023-12-31 13:49:43.206877391+00:00,59.4
2023-12-31 13:53:41.370182990+00:00,61.4
2023-12-31 13:57:39.369705020+00:00,61.4
2023-12-31 14:01:37.760772139+00:00,60.4
2023-12-31 14:05:36.047692880+00:00,64.4
2023-12-31 14:09:34.340124771+00:00,62.4
2023-12-31 14:13:32.212636694+00:00,58.4
2023-12-31 14:17:30.285626057+00:00,59.4
2023-12-31 14:21:28.387189126+00:00,57.4
2023-12-31 14:25:26.457447080+00:00,59.4
2023-12-31 14:29:24.541265060+00:00,56.4
2023-12-31 14:33:23.245710508+00:00,60.4
2023-12-31 14:37:21.013080484+00:00,57.4
2023-12-31 14:41:19.095241404+00:00,56.4
2023-12-31 14:45:16.974275370+00:00,56.4
2023-12-31 14:49:15.155523608+00:00,55.4
2023-12-31 14:53:14.057295712+00:00,53.4
2023-12-31 14:57:11.223369672+00:00,55.4
2023-12-31 15:01:09.309981974+00:00,55.4
2023-12-31 15:13:02.319659547+00:00,53.4
2023-12-31 15:24:55.952990205+00:00,53.4
2023-12-31 15:36:49.182158904+00:00,55.4
2023-12-31 15:48:43.117901671+00:00,53.4
2023-12-31 16:00:37.467057153+00:00,52.4
2023-12-31 16:12:30.076928641+00:00,52.4
2023-12-31 16:24:23.192403959+00:00,52.4
2023-12-31 16:36:16.425700171+00:00,51.4
2023-12-31 16:48:10.361744278+00:00,51.4
2023-12-31 17:00:04.299192366+00:00,52.4
2023-12-31 17:11:58.234874272+00:00,51.4
2023-12-31 17:23:52.175036974+00:00,53.4
2023-12-31 17:35:46.011717478+00:00,51.4
2023-12-31 17:47:39.744022326+00:00,55.4
2023-12-31 17:59:33.862627358+00:00,52.4
2023-12-31 18:11:27.118850200+00:00,50.4
2023-12-31 18:23:21.265273343+00:00,53.4
2023-12-31 18:35:15.984256146+00:00,55.4
2023-12-31 18:47:09.512434566+00:00,52.4
2023-12-31 18:59:03.280283589+00:00,52.4
2023-12-31 19:10:57.299628729+00:00,55.4
2023-12-31 19:22:50.748900999+00:00,53.4
2023-12-31 19:34:44.391747821+00:00,51.4
2023-12-31 19:46:38.297831888+00:00,51.4
2023-12-31 19:58:31.344862783+00:00,50.4
2023-12-31 20:10:25.498859016+00:00,54.4
2023-12-31 20:22:19.117632508+00:00,55.4
2023-12-31 20:34:13.548248368+00:00,51.4
2023-12-31 20:46:06.592560373+00:00,52.4
2023-12-31 20:58:00.783740189+00:00,49.4
2023-12-31 21:09:54.370944890+00:00,50.4
2023-12-31 21:21:47.282519606+00:00,50.4
2023-12-31 21:33:41.118744544+00:00,53.4
2023-12-31 21:45:35.161113636+00:00,53.4
2023-12-31 21:57:28.895636928+00:00,53.4
2023-12-31 22:09:23.143329441+00:00,55.4
2023-12-31 22:21:16.665535095+00:00,47.4
2023-12-31 22:33:10.404428477+00:00,48.4
2023-12-31 22:45:04.139021442+00:00,50.4
2023-12-31 22:56:57.874734255+00:00,53.4
2023-12-31 23:08:51.709769393+00:00,48.4
2023-12-31 23:20:45.649962504+00:00,53.4
2023-12-31 23:32:39.586056951+00:00,52.4
2023-12-31 23:44:33.732396870+00:00,54.4
2023-12-31 23:56:27.467931511+00:00,48.4
2024-01-01 00:08:20.688667793+00:00,52.4
2024-01-01 00:20:14.525394505+00:00,46.4
2024-01-01 00:32:08.126065565+00:00,51.4
2024-01-01 00:44:02.824320206+00:00,50.4
2024-01-01 00:55:56.549285008+00:00,52.4
2024-01-01 01:07:50.898217923+00:00,47.4
2024-01-01 01:19:44.635413133+00:00,53.4
2024-01-01 01:31:38.416938706+00:00,46.4
2024-01-01 01:43:31.696021586+00:00,52.4
2024-01-01 01:55:25.234309004+00:00,46.4
2024-01-01 02:07:18.445681936+00:00,51.4
2024-01-01 02:19:12.490849534+00:00,46.4
2024-01-01 02:31:06.222513315+00:00,52.4
2024-01-01 02:43:00.017513567+00:00,52.4
2024-01-01 02:54:53.901771207+00:00,50.4
2024-01-01 03:06:48.243363711+00:00,52.4
2024-01-01 03:18:41.161076475+00:00,44.4
2024-01-01 03:30:34.689993515+00:00,45.4
2024-01-01 03:42:28.322350433+00:00,44.4
2024-01-01 03:54:22.394575835+00:00,51.4
2024-01-01 04:06:15.823527403+00:00,52.4
2024-01-01 04:18:09.303233823+00:00,50.4
2024-01-01 04:30:03.366923723+00:00,48.4
2024-01-01 04:41:57.063716535+00:00,45.4
2024-01-01 04:53:50.833711621+00:00,51.4
2024-01-01 05:05:44.825486445+00:00,47.4
2024-01-01 05:17:38.404270938+00:00,44.4
2024-01-01 05:29:32.763640566+00:00,46.4
2024-01-01 05:41:25.977695958+00:00,43.4
2024-01-01 05:53:19.914286649+00:00,45.4
2024-01-01 06:05:13.755263158+00:00,49.4
2024-01-01 06:17:07.488251975+00:00,45.4
2024-01-01 06:29:01.528684766+00:00,51.4
2024-01-01 06:40:55.467749012+00:00,51.4
2024-01-01 06:52:48.691050749+00:00,47.4
2024-01-01 07:04:42.735737672+00:00,42.4
2024-01-01 07:16:36.364016727+00:00,42.4
2024-01-01 07:28:30.740590045+00:00,50.4
2024-01-01 07:40:24.754441633+00:00,50.4
2024-01-01 07:52:18.801680965+00:00,43.4
2024-01-01 08:04:12.750821181+00:00,50.4
2024-01-01 08:16:05.450655790+00:00,42.4
2024-01-01 08:27:58.777966994+00:00,49.4
2024-01-01 08:39:53.116204150+00:00,50.4
2024-01-01 08:51:47.162940793+00:00,43.4
2024-01-01 09:03:39.979163149+00:00,46.4
2024-01-01 09:15:33.421220307+00:00,42.4
2024-01-01 09:27:27.241116972+00:00,41.4
2024-01-01 09:39:21.283467182+00:00,50.4
2024-01-01 09:51:14.505944936+00:00,47.4
2024-01-01 10:03:08.151644720+00:00,50.4
2024-01-01 10:15:01.884188853+00:00,40.4
2024-01-01 10:26:56.323626352+00:00,47.4
2024-01-01 10:38:50.572148875+00:00,40.4
2024-01-01 10:50:44.414238578+00:00,40.4
2024-01-01 11:02:38.587931145+00:00,38.4
2024-01-01 11:14:32.296350462+00:00,38.4
2024-01-01 11:26:25.824301820+00:00,43.4
2024-01-01 11:38:19.658438082+00:00,45.4
2024-01-01 11:50:13.288068997+00:00,45.4
2024-01-01 12:02:06.655374253+00:00,38.4
2024-01-01 12:14:00.453705481+00:00,47.4
2024-01-01 12:25:53.981514510+00:00,47.4
2024-01-01 12:37:48.035173038+00:00,37.4
2024-01-01 12:49:41.762552294+00:00,38.4
2024-01-01 13:01:35.583223543+00:00,48.4
2024-01-01 13:13:29.234839538+00:00,44.4
2024-01-01 13:25:22.781806207+00:00,48.4
2024-01-01 13:37:16.933469910+00:00,37.4
2024-01-01 13:49:10.436397941+00:00,44.4
2024-01-01 14:01:04.679654171+00:00,37.4
2024-01-01 14:12:58.620440061+00:00,48.4
2024-01-01 14:24:51.843822501+00:00,46.4
2024-01-01 14:36:45.170767927+00:00,46.4
2024-01-01 14:48:38.188426223+00:00,40.4
2024-01-01 15:00:33.047880709+00:00,33.4
2024-01-01 15:12:26.472786789+00:00,33.4
2024-01-01 15:24:20.824987407+00:00,46.4
2024-01-01 15:36:15.012388284+00:00,41.4
2024-01-01 15:48:08.548052702+00:00,33.4
2024-01-01 16:00:01.525153714+00:00,32.4
2024-01-01 16:11:55.048573717+00:00,30.4
2024-01-01 16:23:48.170682951+00:00,32.4
2024-01-01 16:35:42.415053555+00:00,43.4
2024-01-01 16:47:35.737957911+00:00,45.4
2024-01-01 16:59:29.473653806+00:00,30.4
2024-01-01 17:11:23.208752897+00:00,38.4
2024-01-01 17:23:17.642442377+00:00,29.4
2024-01-01 17:35:10.989189250+00:00,32.4
2024-01-01 17:47:04.328664579+00:00,37.4
2024-01-01 17:58:58.697528618+00:00,29.4
2024-01-01 18:10:51.923139442+00:00,33.4
2024-01-01 18:22:45.661863368+00:00,30.4
2024-01-01 18:34:39.560687049+00:00,32.4
2024-01-01 18:46:33.448635139+00:00,37.4
2024-01-01 18:58:26.416218740+00:00,35.4
2024-01-01 19:10:20.352841388+00:00,32.4
2024-01-01 19:22:13.989859110+00:00,32.4
2024-01-01 19:34:08.231230488+00:00,30.4
2024-01-01 19:46:02.376740117+00:00,35.4
2024-01-01 19:57:56.114982281+00:00,29.4
2024-01-01 20:09:49.639249641+00:00,33.4
2024-01-01 20:21:43.277946949+00:00,43.4
2024-01-01 20:33:36.903394259+00:00,42.4
2024-01-01 20:45:30.435299283+00:00,41.4
2024-01-01 20:57:23.891166872+00:00,28.4
2024-01-01 21:09:17.535684739+00:00,33.4
2024-01-01 21:21:11.229209800+00:00,27.4
2024-01-01 21:33:04.661356429+00:00,28.4
2024-01-01 21:44:58.601473976+00:00,38.4
2024-01-01 21:56:51.921534847+00:00,27.4
2024-01-01 22:08:45.865078140+00:00,28.4
2024-01-01 22:20:38.267642528+00:00,28.4
2024-01-01 22:32:32.822872033+00:00,37.4
2024-01-01 22:44:25.526915711+00:00,33.4
2024-01-01 22:56:19.059795701+00:00,38.4
2024-01-01 23:08:12.587044272+00:00,38.4
2024-01-01 23:20:06.940538259+00:00,29.4
2024-01-01 23:32:00.312742878+00:00,38.4
2024-01-01 23:43:54.207858717+00:00,32.4
2024-01-01 23:55:47.840981428+00:00,26.4
2024-01-02 00:07:42.291650179+00:00,25.4
2024-01-02 00:19:35.157968639+00:00,28.4
2024-01-02 00:31:28.940884390+00:00,28.4
2024-01-02 00:43:25.952067549+00:00,38.4
2024-01-02 00:55:16.307094407+00:00,27.4
2024-01-02 01:07:09.940016564+00:00,28.4
2024-01-02 01:19:03.267468870+00:00,26.4
2024-01-02 01:30:56.896874318+00:00,37.4
2024-01-02 01:42:50.427341903+00:00,24.4
2024-01-02 01:54:44.159323705+00:00,26.4
2024-01-02 02:06:37.687706217+00:00,37.4
2024-01-02 02:18:31.322029346+00:00,37.4
2024-01-02 02:30:25.465024850+00:00,26.4
2024-01-02 02:42:19.301439508+00:00,24.4
2024-01-02 02:54:13.242664899+00:00,26.4
2024-01-02 03:06:06.986602060+00:00,23.4
2024-01-02 03:18:00.609276058+00:00,33.4
2024-01-02 03:29:54.451240258+00:00,25.4
2024-01-02 03:41:48.488668207+00:00,25.4
2024-01-02 03:53:41.918699213+00:00,33.4
2024-01-02 04:05:35.109404608+00:00,28.4
2024-01-02 04:17:29.295887449+00:00,25.4
2024-01-02 04:29:22.607038066+00:00,27.4
2024-01-02 04:41:16.142024630+00:00,26.4
2024-01-02 04:53:08.955363908+00:00,30.4
2024-01-02 05:05:03.200973599+00:00,32.4
2024-01-02 05:16:56.834978287+00:00,27.4
2024-01-02 05:28:50.882480709+00:00,24.4
2024-01-02 05:40:44.915064517+00:00,23.4
2024-01-02 05:52:39.229791163+00:00,23.4
2024-01-02 06:04:33.104101969+00:00,27.4
2024-01-02 06:16:25.913455693+00:00,24.4
2024-01-02 06:28:19.237679536+00:00,25.4
2024-01-02 06:40:13.283491896+00:00,29.4
2024-01-02 06:52:07.015006397+00:00,21.4
2024-01-02 07:04:00.756700573+00:00,29.4
2024-01-02 07:15:55.097977208+00:00,26.4
2024-01-02 07:27:48.950661982+00:00,23.4
2024-01-02 07:39:42.782234835+00:00,23.4
2024-01-02 07:51:36.205840130+00:00,30.4
2024-01-02 08:03:30.450350611+00:00,33.4
2024-01-02 08:15:23.771353701+00:00,23.4
2024-01-02 08:27:17.506196052+00:00,28.4
2024-01-02 08:39:11.052238225+00:00,23.4
2024-01-02 08:51:04.582860964+00:00,23.4
2024-01-02 09:02:58.300531557+00:00,23.4
2024-01-02 09:14:51.933713477+00:00,29.4
2024-01-02 09:26:46.391191444+00:00,23.4
2024-01-02 09:38:39.606150359+00:00,23.4
2024-01-02 09:50:32.830830857+00:00,27.4
2024-01-02 10:02:27.593910194+00:00,28.4
2024-01-02 10:14:20.813636181+00:00,27.4
2024-01-02 10:26:14.723719923+00:00,25.4
2024-01-02 10:38:08.285586036+00:00,27.4
2024-01-02 10:50:02.019294309+00:00,27.4
2024-01-02 11:01:55.859763310+00:00,22.4
2024-01-02 11:13:49.522308980+00:00,22.4
2024-01-02 11:25:43.225800891+00:00,28.4
2024-01-02 11:37:36.548067592+00:00,20.4
2024-01-02 11:49:30.243262673+00:00,20.4
2024-01-02 12:01:24.536173952+00:00,21.4
2024-01-02 12:13:18.160094481+00:00,23.4
2024-01-02 12:25:12.203911636+00:00,28.4
2024-01-02 12:37:06.143114832+00:00,22.4
2024-01-02 12:48:59.435961590+00:00,20.4
2024-01-02 13:00:53.302876547+00:00,21.4
2024-01-02 13:12:46.630403216+00:00,20.4
2024-01-02 13:24:40.907202938+00:00,26.4
2024-01-02 13:36:34.095762462+00:00,28.4
2024-01-02 13:48:27.832284317+00:00,19.4
2024-01-02 14:00:21.462564271+00:00,28.4
2024-01-02 14:12:14.995922412+00:00,20.4
2024-01-02 14:24:09.047137369+00:00,20.4
2024-01-02 14:36:02.667875052+00:00,20.4
2024-01-02 14:47:56.207514332+00:00,21.4
2024-01-02 14:59:49.842718934+00:00,19.4
2024-01-02 15:11:43.874703438+00:00,26.4
2024-01-02 15:23:38.018111046+00:00,20.4
2024-01-02 15:35:31.649544957+00:00,22.4
2024-01-02 15:47:25.288641749+00:00,27.4
2024-01-02 15:59:18.877219718+00:00,26.4
2024-01-02 16:11:12.255720707+00:00,25.4
2024-01-02 16:23:05.466273448+00:00,18.4
2024-01-02 16:34:59.199088072+00:00,24.4
2024-01-02 16:46:53.036290228+00:00,19.4
2024-01-02 16:58:47.077070669+00:00,25.4
2024-01-02 17:10:40.805712687+00:00,20.4
2024-01-02 17:22:34.954375347+00:00,28.4
2024-01-02 17:34:28.383544443+00:00,26.4
2024-01-02 17:46:23.173113369+00:00,26.4
2024-01-02 17:58:16.581615404+00:00,21.4
2024-01-02 18:10:09.890927619+00:00,22.4
2024-01-02 18:22:03.247769401+00:00,21.4
2024-01-02 18:33:56.949357639+00:00,20.4
2024-01-02 18:45:50.993244884+00:00,20.4
2024-01-02 18:57:44.858305266+00:00,28.4
2024-01-02 19:09:38.737741056+00:00,24.4
2024-01-02 19:21:32.513251730+00:00,23.4
2024-01-02 19:33:25.524863399+00:00,21.4
2024-01-02 19:45:19.162617486+00:00,23.4
2024-01-02 19:57:13.508748664+00:00,19.4
2024-01-02 20:09:07.060241917+00:00,19.4
2024-01-02 20:21:00.645264511+00:00,19.4
2024-01-02 20:32:57.166587195+00:00,21.4
2024-01-02 20:44:47.725732750+00:00,25.4
2024-01-02 20:56:41.228163686+00:00,23.4
2024-01-02 21:08:36.526860550+00:00,20.4
2024-01-02 21:20:29.240637893+00:00,20.4
2024-01-02 21:32:23.179679477+00:00,23.4
2024-01-02 21:44:16.911808889+00:00,23.4
2024-01-02 21:56:11.159098455+00:00,19.4
2024-01-02 22:08:05.099324430+00:00,19.4
2024-01-02 22:19:59.760489683+00:00,20.4
2024-01-02 22:31:52.981895512+00:00,23.4
2024-01-02 22:43:47.244022884+00:00,24.4
2024-01-02 22:55:40.478519714+00:00,23.4
2024-01-02 23:07:34.491914012+00:00,24.4
2024-01-02 23:19:28.539183397+00:00,23.4
2024-01-02 23:31:22.372268632+00:00,22.4
2024-01-02 23:43:16.126529849+00:00,18.4
2024-01-02 23:55:09.637475817+00:00,23.4
2024-01-03 00:07:03.678768723+00:00,17.4
2024-01-03 00:18:57.929161671+00:00,19.4
2024-01-03 00:30:51.253134555+00:00,17.4
2024-01-03 00:42:45.088994242+00:00,20.4
2024-01-03 00:54:38.821523822+00:00,23.4
2024-01-03 01:06:32.657228024+00:00,19.4
2024-01-03 01:18:26.598461714+00:00,17.4
2024-01-03 01:30:20.230495433+00:00,19.4
2024-01-03 01:42:14.272484616+00:00,17.4
2024-01-03 01:54:07.909419721+00:00,18.4
2024-01-03 02:06:02.049379195+00:00,19.4
2024-01-03 02:17:56.409219522+00:00,22.4
2024-01-03 02:29:49.723372062+00:00,16.4
2024-01-03 02:41:43.568457374+00:00,20.4
2024-01-03 02:53:37.200546658+00:00,22.4
2024-01-03 03:05:30.620933706+00:00,19.4
2024-01-03 03:17:24.150853881+00:00,21.4
2024-01-03 03:29:17.782472961+00:00,22.4
2024-01-03 03:41:12.132549367+00:00,17.4
2024-01-03 03:53:06.409571245+00:00,22.4
2024-01-03 04:05:00.728399186+00:00,19.4
2024-01-03 04:16:54.236984664+00:00,22.4
2024-01-03 04:28:48.709363969+00:00,17.4
2024-01-03 04:40:41.623197350+00:00,17.4
2024-01-03 04:52:35.358897374+00:00,21.4
2024-01-03 05:04:29.403126477+00:00,20.4
2024-01-03 05:16:22.623496722+00:00,16.4
2024-01-03 05:28:16.766077648+00:00,18.4
2024-01-03 05:40:10.706560342+00:00,22.4
2024-01-03 05:52:04.646326245+00:00,21.4
2024-01-03 06:03:59.000370951+00:00,16.4
2024-01-03 06:15:52.428825923+00:00,16.4
2024-01-03 06:27:45.447264105+00:00,17.4
2024-01-03 06:39:39.606356997+00:00,21.4
2024-01-03 06:51:33.528237720+00:00,19.4
2024-01-03 07:03:27.567525307+00:00,21.4
2024-01-03 07:15:20.759098562+00:00,20.4
2024-01-03 07:27:14.730814858+00:00,20.4
2024-01-03 07:39:08.669331580+00:00,18.4
2024-01-03 07:51:02.213318253+00:00,16.4
2024-01-03 08:02:56.546925046+00:00,16.4
2024-01-03 08:14:49.565916578+00:00,17.4
2024-01-03 08:26:43.301304480+00:00,19.4
2024-01-03 08:38:37.546419018+00:00,20.4
2024-01-03 08:50:31.283143138+00:00,15.4
2024-01-03 09:02:25.836309687+00:00,18.4
2024-01-03 09:14:18.828256424+00:00,20.4
2024-01-03 09:26:13.508638889+00:00,20.4
2024-01-03 09:38:06.219937698+00:00,20.4
2024-01-03 09:49:59.961296005+00:00,18.4
2024-01-03 10:01:53.895959692+00:00,20.4
2024-01-03 10:13:48.553032271+00:00,20.4
2024-01-03 10:25:41.876221784+00:00,16.4
2024-01-03 10:37:35.508817892+00:00,15.4
2024-01-03 10:49:29.451764059+00:00,19.4
2024-01-03 11:01:23.597029556+00:00,16.4
2024-01-03 11:13:16.918876609+00:00,19.4
2024-01-03 11:25:10.401856674+00:00,19.4
2024-01-03 11:37:04.901300353+00:00,19.4
2024-01-03 11:48:58.227179803+00:00,17.4
2024-01-03 12:00:52.164193080+00:00,19.4
2024-01-03 12:12:45.903672380+00:00,20.4
2024-01-03 12:24:40.353163763+00:00,17.4
2024-01-03 12:36:34.297042690+00:00,14.4
2024-01-03 12:48:28.101467981+00:00,15.4
2024-01-03 13:00:22.540275971+00:00,15.4
2024-01-03 13:12:16.425397744+00:00,18.4
2024-01-03 13:24:10.052896959+00:00,18.4
2024-01-03 13:36:03.381137741+00:00,16.4
2024-01-03 13:47:57.010246626+00:00,19.4
2024-01-03 13:59:50.919355348+00:00,17.4
2024-01-03 14:11:44.892011418+00:00,14.4
2024-01-03 14:23:37.706644313+00:00,15.4
2024-01-03 14:35:31.645231509+00:00,16.4
2024-01-03 14:47:25.373979263+00:00,16.4
2024-01-03 14:59:19.313822528+00:00,14.4
2024-01-03 15:11:12.948157935+00:00,15.4
2024-01-03 15:23:07.400940448+00:00,15.4
2024-01-03 15:35:00.315141206+00:00,17.4
2024-01-03 15:46:54.663219047+00:00,14.4
2024-01-03 15:58:47.580418682+00:00,16.4
2024-01-03 16:10:41.317403620+00:00,14.4
2024-01-03 16:22:34.743020948+00:00,18.4
2024-01-03 16:34:28.066164370+00:00,18.4
2024-01-03 16:46:23.029881954+00:00,14.4
2024-01-03 16:58:16.459045393+00:00,18.4
2024-01-03 17:10:10.399098321+00:00,14.4
2024-01-03 17:22:05.164706005+00:00,18.4
2024-01-03 17:33:58.788964925+00:00,14.4
2024-01-03 17:45:51.550726494+00:00,17.4
2024-01-03 17:57:44.829373004+00:00,14.4
2024-01-03 18:09:38.458734924+00:00,18.4
2024-01-03 18:21:32.295147027+00:00,13.4
2024-01-03 18:33:26.232816808+00:00,17.4
2024-01-03 18:45:19.975718117+00:00,17.4
2024-01-03 18:57:13.814764429+00:00,14.4
2024-01-03 19:09:08.360426601+00:00,14.4
2024-01-03 19:21:02.510356460+00:00,18.4
2024-01-03 19:32:57.449641732+00:00,16.4
2024-01-03 19:44:50.383601873+00:00,14.4
2024-01-03 19:56:43.407275576+00:00,18.4
2024-01-03 20:08:38.067105254+00:00,14.4
2024-01-03 20:20:31.075348124+00:00,14.4
2024-01-03 20:32:25.686910497+00:00,16.4
2024-01-03 20:44:17.992030905+00:00,17.4
2024-01-03 20:56:11.361350771+00:00,15.4
2024-01-03 21:08:04.388729319+00:00,15.4
2024-01-03 21:19:58.725074994+00:00,13.4
2024-01-03 21:31:52.360371766+00:00,16.4
2024-01-03 21:43:46.196476429+00:00,14.4
2024-01-03 21:55:39.942574214+00:00,14.4
2024-01-03 22:07:34.023951612+00:00,13.4
2024-01-03 22:19:27.608812199+00:00,17.4
2024-01-03 22:31:21.652981651+00:00,13.4
2024-01-03 22:43:14.665461677+00:00,13.4
2024-01-03 22:55:08.613671641+00:00,16.4
2024-01-03 23:07:03.158781086+00:00,13.4
2024-01-03 23:18:56.388499952+00:00,14.4
2024-01-03 23:30:49.813506338+00:00,13.4
2024-01-03 23:42:43.953241373+00:00,13.4
2024-01-03 23:54:37.383968296+00:00,14.4
2024-01-04 00:06:31.219069942+00:00,14.4
2024-01-04 00:18:24.754838677+00:00,14.4
2024-01-04 00:30:18.893883306+00:00,14.4
2024-01-04 00:42:12.832264764+00:00,14.4
2024-01-04 00:54:06.774027350+00:00,16.4
2024-01-04 01:06:00.609544628+00:00,16.4
2024-01-04 01:17:55.064222966+00:00,13.4
2024-01-04 01:29:47.566530984+00:00,17.4
2024-01-04 01:41:40.791999458+00:00,14.4
2024-01-04 01:53:34.729972080+00:00,16.4
2024-01-04 02:05:28.362526423+00:00,15.4
2024-01-04 02:17:22.306592454+00:00,17.4
2024-01-04 02:29:15.992140109+00:00,12.4
2024-01-04 02:41:09.981752321+00:00,16.4
2024-01-04 02:53:04.221103961+00:00,16.4
2024-01-04 03:04:57.751992834+00:00,12.4
2024-01-04 03:16:51.637817902+00:00,15.4
2024-01-04 03:28:44.708674852+00:00,16.4
2024-01-04 03:40:38.576993906+00:00,14.4
2024-01-04 03:52:31.976671310+00:00,12.4
2024-01-04 04:04:25.912877577+00:00,13.4
2024-01-04 04:16:20.574011106+00:00,13.4
2024-01-04 04:28:14.100634384+00:00,13.4
2024-01-04 04:40:07.731258476+00:00,11.4
2024-01-04 04:52:01.568846977+00:00,11.4
2024-01-04 05:03:54.893611664+00:00,14.4
2024-01-04 05:15:49.347746454+00:00,11.4
2024-01-04 05:27:43.183966241+00:00,14.4
2024-01-04 05:39:36.308486259+00:00,11.4
2024-01-04 05:51:30.709858888+00:00,15.4
2024-01-04 06:03:23.170983220+00:00,11.4
2024-01-04 06:15:16.999824359+00:00,13.4
2024-01-04 06:27:10.320841627+00:00,10.4
2024-01-04 06:39:03.962054698+00:00,13.4
2024-01-04 06:50:57.922190298+00:00,14.4
2024-01-04 07:02:51.423100749+00:00,13.4
2024-01-04 07:14:45.058566742+00:00,11.4
2024-01-04 07:26:39.200376857+00:00,14.4
2024-01-04 07:38:32.934581660+00:00,15.4
2024-01-04 07:50:26.779943404+00:00,15.4
2024-01-04 08:02:20.506813651+00:00,10.4
2024-01-04 08:14:14.034687771+00:00,12.4
2024-01-04 08:26:07.871540725+00:00,12.4
2024-01-04 08:38:01.608961741+00:00,10.4
2024-01-04 08:49:56.059734326+00:00,14.4
2024-01-04 09:01:50.919343883+00:00,10.4
2024-01-04 09:13:43.532549958+00:00,12.4
2024-01-04 09:25:36.956481282+00:00,14.4
2024-01-04 09:37:30.691300905+00:00,12.4
2024-01-04 09:49:24.938280496+00:00,14.4
2024-01-04 10:01:19.186523485+00:00,14.4
2024-01-04 10:13:13.026129540+00:00,11.4
2024-01-04 10:25:06.756724426+00:00,14.4
2024-01-04 10:37:00.698652961+00:00,14.4
2024-01-04 10:48:53.714421031+00:00,12.4
2024-01-04 11:00:46.555455446+00:00,7.4
2024-01-04 11:12:41.169594951+00:00,14.4
2024-01-04 11:24:34.921857708+00:00,14.4
2024-01-04 11:36:29.267256101+00:00,9.4
2024-01-04 11:48:23.002857679+00:00,11.4
2024-01-04 12:00:17.149454545+00:00,10.4
2024-01-04 12:12:11.090696726+00:00,11.4
2024-01-04 12:24:04.503495502+00:00,11.4
2024-01-04 12:35:57.762450328+00:00,14.4
2024-01-04 12:47:51.371469942+00:00,10.4
2024-01-04 12:59:44.701874530+00:00,11.4
2024-01-04 13:11:38.435789178+00:00,11.4
2024-01-04 13:23:32.265938171+00:00,13.4
2024-01-04 13:35:26.307825588+00:00,9.4
2024-01-04 13:47:20.049162023+00:00,11.4
2024-01-04 13:59:14.110294218+00:00,11.4
2024-01-04 14:11:08.230417205+00:00,11.4
2024-01-04 14:23:01.760230502+00:00,13.4
2024-01-04 14:34:55.494736365+00:00,11.4
2024-01-04 14:46:48.728677372+00:00,7.4
2024-01-04 14:58:42.658141065+00:00,12.4
2024-01-04 15:10:35.880604421+00:00,7.4
2024-01-04 15:22:30.329920923+00:00,12.4
2024-01-04 15:34:24.583436437+00:00,10.4
2024-01-04 15:46:18.729433312+00:00,7.4
2024-01-04 15:58:12.560414889+00:00,7.4
2024-01-04 16:10:06.219404853+00:00,13.4
2024-01-04 16:21:59.006306209+00:00,12.4
2024-01-04 16:33:53.052203914+00:00,6.4
2024-01-04 16:45:47.088377701+00:00,6.4
2024-01-04 16:57:41.031615486+00:00,9.4
2024-01-04 17:09:35.569102072+00:00,6.4
2024-01-04 17:21:28.986832997+00:00,13.4
2024-01-04 17:33:22.647909162+00:00,7.4
2024-01-04 17:45:16.891822320+00:00,6.4
2024-01-04 17:57:10.112562585+00:00,12.4
2024-01-04 18:09:04.648079306+00:00,7.4
2024-01-04 18:20:58.724555668+00:00,11.4
2024-01-04 18:32:52.347616165+00:00,7.4
2024-01-04 18:44:45.778600424+00:00,12.4
2024-01-04 18:56:39.778295078+00:00,11.4
2024-01-04 19:08:32.445424695+00:00,6.4
2024-01-04 19:20:25.962167408+00:00,6.4
2024-01-04 19:32:19.348661859+00:00,11.4
2024-01-04 19:44:13.326834743+00:00,6.4
2024-01-04 19:56:07.465423074+00:00,11.4
2024-01-04 20:08:01.917973648+00:00,12.4
2024-01-04 20:19:55.759349130+00:00,12.4
2024-01-04 20:31:49.551664495+00:00,11.4
2024-01-04 20:43:42.830156213+00:00,12.4
2024-01-04 20:55:36.866013696+00:00,12.4
2024-01-04 21:07:29.882825138+00:00,11.4
2024-01-04 21:19:23.917441798+00:00,6.4
2024-01-04 21:31:17.980346099+00:00,12.4
2024-01-04 21:43:12.015670318+00:00,11.4
2024-01-04 21:55:13.969381683+00:00,6.4
2024-01-04 22:06:59.878451720+00:00,6.4
2024-01-04 22:18:53.819041841+00:00,6.4
2024-01-04 22:30:47.144194356+00:00,10.4
2024-01-04 22:42:40.777903658+00:00,5.4
2024-01-04 22:54:34.413718239+00:00,7.4
2024-01-04 23:06:28.143714534+00:00,7.4
2024-01-04 23:18:21.982831697+00:00,10.4
2024-01-04 23:30:15.411634417+00:00,10.4
2024-01-04 23:42:09.041563441+00:00,5.4
2024-01-04 23:54:02.984136443+00:00,5.4
2024-01-05 00:05:56.719036893+00:00,5.4
2024-01-05 00:17:51.070834095+00:00,6.4
2024-01-05 00:29:44.216551663+00:00,10.4
2024-01-05 00:41:38.024333099+00:00,11.4
2024-01-05 00:53:31.551815824+00:00,5.4
2024-01-05 01:05:25.090444681+00:00,5.4
2024-01-05 01:17:19.192898070+00:00,7.4
2024-01-05 01:29:12.864241107+00:00,9.4
2024-01-05 01:41:06.496425527+00:00,6.4
2024-01-05 01:53:00.295597099+00:00,6.4
2024-01-05 02:04:54.166837377+00:00,9.4
2024-01-05 02:16:47.622356769+00:00,5.4
2024-01-05 02:28:41.635188360+00:00,6.4
2024-01-05 02:40:35.887807516+00:00,5.4
2024-01-05 02:52:28.803580113+00:00,7.4
2024-01-05 03:04:22.531800886+00:00,6.4
2024-01-05 03:16:16.371113348+00:00,6.4
2024-01-05 03:28:10.023554938+00:00,5.4
2024-01-05 03:40:04.253072504+00:00,5.4
2024-01-05 03:51:58.393491516+00:00,6.4
2024-01-05 04:03:52.537896670+00:00,5.4
2024-01-05 04:15:46.072909865+00:00,7.4
2024-01-05 04:27:41.962005393+00:00,6.4
2024-01-05 04:39:33.637210062+00:00,7.4
2024-01-05 04:51:27.783515616+00:00,5.4
2024-01-05 05:03:21.825394536+00:00,6.4
2024-01-05 05:15:15.774111145+00:00,6.4
2024-01-05 05:27:10.323230611+00:00,5.4
2024-01-05 05:39:03.851066368+00:00,6.4
2024-01-05 05:50:58.508293065+00:00,6.4
2024-01-05 06:02:51.320605368+00:00,5.4
2024-01-05 06:14:45.105199899+00:00,9.4
2024-01-05 06:26:38.381639951+00:00,5.4
2024-01-05 06:38:31.907526483+00:00,6.4
2024-01-05 06:50:25.341019873+00:00,7.4
2024-01-05 07:02:19.481397108+00:00,6.4
2024-01-05 07:14:13.419566367+00:00,6.4
2024-01-05 07:26:07.769811041+00:00,7.4
2024-01-05 07:38:01.615435876+00:00,5.4
2024-01-05 07:49:55.855854962+00:00,6.4
2024-01-05 08:01:48.773045784+00:00,6.4
2024-01-05 08:13:42.813092721+00:00,5.4
2024-01-05 08:25:35.834914166+00:00,5.4
2024-01-05 08:37:30.149052857+00:00,5.4
2024-01-05 08:49:23.194450943+00:00,6.4
2024-01-05 09:01:17.148044967+00:00,7.4
2024-01-05 09:13:11.189669657+00:00,6.4
2024-01-05 09:25:05.230295411+00:00,5.4
2024-01-05 09:36:58.034723094+00:00,5.4
2024-01-05 09:48:52.079856461+00:00,5.4
2024-01-05 10:00:45.606878784+00:00,5.4
2024-01-05 10:12:39.241473579+00:00,7.4
2024-01-05 10:24:33.183577624+00:00,6.4
2024-01-05 10:36:27.255653711+00:00,6.4
2024-01-05 10:48:20.452419288+00:00,6.4
2024-01-05 11:00:13.870129359+00:00,5.4
2024-01-05 11:12:07.201470183+00:00,6.4
2024-01-05 11:24:01.651800837+00:00,5.4
2024-01-05 11:35:55.408569089+00:00,6.4
2024-01-05 11:47:49.159717865+00:00,6.4
2024-01-05 11:59:42.959560916+00:00,6.4
2024-01-05 12:11:37.269411648+00:00,5.4
2024-01-05 12:23:31.044450147+00:00,5.4
2024-01-05 12:35:24.481441918+00:00,6.4
2024-01-05 12:47:17.805454010+00:00,5.4
2024-01-05 12:59:11.604057697+00:00,6.4
2024-01-05 13:11:05.234242512+00:00,5.4
2024-01-05 13:22:59.617892799+00:00,6.4
2024-01-05 13:34:53.489407801+00:00,5.4
2024-01-05 13:46:47.954720195+00:00,6.4
2024-01-05 13:58:41.233344394+00:00,5.4
2024-01-05 14:10:34.270829042+00:00,5.4
2024-01-05 14:22:27.788125905+00:00,5.4
2024-01-05 14:34:20.800628940+00:00,5.4
2024-01-05 14:46:14.230595225+00:00,5.4
2024-01-05 14:58:08.197216948+00:00,6.4
2024-01-05 15:10:01.750669003+00:00,5.4
2024-01-05 15:21:55.950172749+00:00,5.4
2024-01-05 15:33:49.995501809+00:00,5.4
2024-01-05 15:45:43.675022483+00:00,6.4
2024-01-05 15:57:36.846806068+00:00,6.4
2024-01-05 16:09:31.195967089+00:00,5.4
2024-01-05 16:21:24.010942242+00:00,5.4
2024-01-05 16:33:18.671179405+00:00,5.4
2024-01-05 16:45:12.098005625+00:00,5.4
2024-01-05 16:57:05.629392271+00:00,4.4
2024-01-05 17:09:00.079327586+00:00,6.4
2024-01-05 17:20:54.131621821+00:00,5.4
2024-01-05 17:32:47.251897735+00:00,5.4
2024-01-05 17:44:41.898247516+00:00,4.4
2024-01-05 17:56:35.222253797+00:00,5.4
2024-01-05 18:08:29.268591950+00:00,4.4
2024-01-05 18:20:23.307311249+00:00,5.4
2024-01-05 18:32:16.739390677+00:00,4.4
2024-01-05 18:44:11.496144557+00:00,4.4
2024-01-05 18:56:06.065900836+00:00,5.4
2024-01-05 19:07:59.989442317+00:00,5.4
2024-01-05 19:19:53.524302434+00:00,5.4
2024-01-05 19:31:47.053956797+00:00,5.4
2024-01-05 19:43:40.424794139+00:00,5.4
2024-01-05 19:55:34.526496969+00:00,4.4
2024-01-05 20:07:27.948467762+00:00,5.4
2024-01-05 20:19:22.302244114+00:00,4.4
2024-01-05 20:31:15.518870681+00:00,5.4
2024-01-05 20:43:08.954035159+00:00,5.4
2024-01-05 20:55:02.887535124+00:00,4.4
2024-01-05 21:06:55.803312413+00:00,5.4
2024-01-05 21:18:49.847397906+00:00,5.4
2024-01-05 21:30:43.383473512+00:00,5.4
2024-01-05 21:42:36.803331558+00:00,5.4
2024-01-05 21:54:30.434481572+00:00,5.4
2024-01-05 22:06:23.765177889+00:00,5.4
2024-01-05 22:18:18.212464470+00:00,5.4
2024-01-05 22:30:11.024969373+00:00,5.4
2024-01-05 22:42:04.764537861+00:00,4.4
2024-01-05 22:53:58.298663202+00:00,4.4
2024-01-05 23:05:52.747927286+00:00,4.4
2024-01-05 23:17:46.006224831+00:00,5.4
2024-01-05 23:29:40.010995497+00:00,4.4
2024-01-05 23:41:33.232802793+00:00,4.4
2024-01-05 23:53:26.659633735+00:00,5.4
2024-01-06 00:05:20.516557529+00:00,4.4
2024-01-06 00:17:14.148526118+00:00,4.4
2024-01-06 00:29:07.577296410+00:00,5.4
2024-01-06 00:41:02.013794073+00:00,5.4
2024-01-06 00:52:55.434261868+00:00,5.4
2024-01-06 01:04:48.963287588+00:00,5.4
2024-01-06 01:16:42.493472305+00:00,5.4
2024-01-06 01:28:36.434839197+00:00,4.4
2024-01-06 01:40:30.135197814+00:00,5.4
2024-01-06 01:52:24.109734914+00:00,4.4
2024-01-06 02:04:17.535645639+00:00,5.4
2024-01-06 02:16:11.479531582+00:00,5.4
2024-01-06 02:28:05.316689037+00:00,5.4
2024-01-06 02:39:59.254444821+00:00,4.4
2024-01-06 02:51:53.178748508+00:00,4.4
2024-01-06 03:03:46.628723653+00:00,5.4
2024-01-06 03:15:41.194514426+00:00,4.4
2024-01-06 03:27:34.501630531+00:00,5.4
2024-01-06 03:39:27.625973202+00:00,5.4
2024-01-06 03:51:22.072800798+00:00,4.4
2024-01-06 04:03:15.501173371+00:00,4.4
2024-01-06 04:15:09.027038150+00:00,4.4
2024-01-06 04:27:02.218084513+00:00,5.4
2024-01-06 04:38:55.779973357+00:00,4.4
2024-01-06 04:50:49.515793913+00:00,4.4
2024-01-06 05:02:43.250160623+00:00,5.3
2024-01-06 05:14:36.677986414+00:00,4.4
2024-01-06 05:26:30.928639065+00:00,4.4
2024-01-06 05:38:24.146519337+00:00,4.4
2024-01-06 05:50:17.987053012+00:00,4.4
2024-01-06 06:02:11.720293653+00:00,4.4
2024-01-06 06:14:05.351111351+00:00,4.4
2024-01-06 06:25:59.905861778+00:00,4.4
2024-01-06 06:37:53.234556760+00:00,5.4
2024-01-06 06:49:47.070420655+00:00,5.4
2024-01-06 07:01:40.807967084+00:00,4.4
2024-01-06 07:13:34.639459871+00:00,4.4
2024-01-06 07:25:28.440577102+00:00,4.4
2024-01-06 07:37:21.935466443+00:00,5.4
2024-01-06 07:49:15.668765102+00:00,4.4
2024-01-06 08:01:09.477609514+00:00,4.4
2024-01-06 08:13:02.598865936+00:00,4.4
2024-01-06 08:24:56.127136593+00:00,5.4
2024-01-06 08:36:49.982601182+00:00,5.4
2024-01-06 08:48:44.006092300+00:00,4.4
2024-01-06 09:00:37.741431226+00:00,4.4
2024-01-06 09:12:30.900785725+00:00,4.4
2024-01-06 09:24:25.110326690+00:00,4.4
2024-01-06 09:36:18.538670655+00:00,4.4
2024-01-06 09:48:12.584302363+00:00,4.4
2024-01-06 10:00:06.833799509+00:00,4.4
2024-01-06 10:11:59.945538097+00:00,4.4
2024-01-06 10:23:53.888732791+00:00,4.4
2024-01-06 10:35:47.424858530+00:00,4.4
2024-01-06 10:47:40.948464360+00:00,4.4
2024-01-06 10:59:34.788653064+00:00,4.4
2024-01-06 11:11:28.828157811+00:00,4.4
2024-01-06 11:23:23.278809599+00:00,4.4
2024-01-06 11:35:16.810486037+00:00,4.4
2024-01-06 11:47:10.924568184+00:00,4.4
2024-01-06 11:59:04.077142866+00:00,4.4
2024-01-06 12:10:58.115067540+00:00,4.4
2024-01-06 12:22:51.957280101+00:00,4.4
2024-01-06 12:34:45.280237947+00:00,4.4
2024-01-06 12:46:38.809415232+00:00,4.4
2024-01-06 12:58:33.064128460+00:00,4.4
2024-01-06 13:10:26.993833382+00:00,4.4
2024-01-06 13:22:21.048918736+00:00,4.4
2024-01-06 13:34:14.367353407+00:00,4.4
2024-01-06 13:46:08.702796527+00:00,4.4
2024-01-06 13:58:02.139318470+00:00,4.4
2024-01-06 14:09:55.777920744+00:00,4.4
2024-01-06 14:21:48.387656368+00:00,4.4
2024-01-06 14:33:41.812725970+00:00,4.4
2024-01-06 14:45:35.444596379+00:00,4.4
2024-01-06 14:57:29.226176900+00:00,4.4
2024-01-06 15:09:22.817106960+00:00,4.4
2024-01-06 15:21:16.550661927+00:00,4.4
2024-01-06 15:33:09.922427189+00:00,4.4
2024-01-06 15:45:03.307312894+00:00,4.4
2024-01-06 15:56:56.932127645+00:00,4.4
2024-01-06 16:08:50.769905917+00:00,4.4
2024-01-06 16:20:44.607552990+00:00,4.4
2024-01-06 16:32:38.751971271+00:00,4.4
2024-01-06 16:44:32.588461805+00:00,4.4
2024-01-06 16:56:26.118917080+00:00,4.4
2024-01-06 17:08:19.445710139+00:00,4.4
2024-01-06 17:20:14.410974383+00:00,4.4
2024-01-06 17:32:09.473918369+00:00,4.4
2024-01-06 17:44:02.334349945+00:00,4.4
2024-01-06 17:55:55.506901805+00:00,4.3
2024-01-06 18:07:48.935426602+00:00,4.4
2024-01-06 18:19:43.114011091+00:00,4.4
2024-01-06 18:31:38.040848088+00:00,4.4
2024-01-06 18:43:30.755604241+00:00,4.4
2024-01-06 18:55:24.006390983+00:00,4.4
2024-01-06 19:07:18.127572249+00:00,4.4
2024-01-06 19:19:10.631998405+00:00,4.4
2024-01-06 19:31:04.327421503+00:00,4.4
2024-01-06 19:42:58.514185752+00:00,4.4
2024-01-06 19:54:51.733683129+00:00,4.4
2024-01-06 20:06:45.565078144+00:00,4.4
2024-01-06 20:18:39.404157066+00:00,4.4
2024-01-06 20:30:32.527988737+00:00,4.4
2024-01-06 20:42:26.156856792+00:00,4.4
2024-01-06 20:54:19.901574354+00:00,4.4
2024-01-06 21:06:14.450232568+00:00,4.4
2024-01-06 21:18:07.991353400+00:00,4.4
2024-01-06 21:30:02.130917060+00:00,4.4
2024-01-06 21:41:55.916355586+00:00,4.4
2024-01-06 21:53:49.179107374+00:00,4.4
2024-01-06 22:05:42.813435502+00:00,4.4
2024-01-06 22:17:36.238689722+00:00,4.4
2024-01-06 22:29:30.390970437+00:00,3.4
2024-01-06 22:41:23.513540143+00:00,4.4
2024-01-06 22:53:17.416807680+00:00,4.4
2024-01-06 23:05:11.081487438+00:00,4.4
2024-01-06 23:17:05.525066324+00:00,4.4
2024-01-06 23:28:58.646588956+00:00,4.4
2024-01-06 23:40:51.358140665+00:00,4.4
2024-01-06 23:52:44.995815946+00:00,4.4
2024-01-07 00:04:39.541396481+00:00,4.4
2024-01-07 00:16:34.082142942+00:00,4.4
2024-01-07 00:28:27.095503467+00:00,4.4
2024-01-07 00:40:21.158965982+00:00,4.4
2024-01-07 00:52:14.586369573+00:00,4.4
2024-01-07 01:04:08.289038572+00:00,4.4
2024-01-07 01:16:01.542030822+00:00,4.4
2024-01-07 01:27:54.768399101+00:00,3.4
2024-01-07 01:39:48.732764286+00:00,4.4
2024-01-07 01:51:42.957273880+00:00,3.4
2024-01-07 02:03:36.997036890+00:00,4.4
2024-01-07 02:15:31.547132539+00:00,4.4
2024-01-07 02:27:24.568371780+00:00,4.4
2024-01-07 02:39:18.606842106+00:00,4.4
2024-01-07 02:51:12.343614356+00:00,4.4
2024-01-07 03:03:05.564972567+00:00,4.4
2024-01-07 03:14:58.482246660+00:00,4.4
2024-01-07 03:26:52.218393099+00:00,4.4
2024-01-07 03:38:46.463302318+00:00,4.4
2024-01-07 03:50:39.277333125+00:00,4.4
2024-01-07 04:02:34.238180481+00:00,4.4
2024-01-07 04:14:27.566276327+00:00,4.4
2024-01-07 04:26:21.302142837+00:00,4.4
2024-01-07 04:38:15.340494554+00:00,4.4
2024-01-07 04:50:08.605078808+00:00,4.4
2024-01-07 05:02:02.227260960+00:00,4.4
2024-01-07 05:13:55.826738313+00:00,4.4
2024-01-07 05:25:49.874102275+00:00,4.4
2024-01-07 05:37:44.387025482+00:00,3.4
2024-01-07 05:49:37.719919980+00:00,4.4
2024-01-07 06:01:31.482558321+00:00,4.4
2024-01-07 06:13:24.809287039+00:00,4.4
2024-01-07 06:25:18.644478893+00:00,3.4
2024-01-07 06:37:12.381973798+00:00,3.4
2024-01-07 06:49:06.735169478+00:00,3.4
2024-01-07 07:01:00.565155491+00:00,3.4
2024-01-07 07:12:54.409991929+00:00,4.4
2024-01-07 07:24:48.957389870+00:00,3.4
2024-01-07 07:36:42.285664963+00:00,4.4
2024-01-07 07:48:35.577694607+00:00,4.4
2024-01-07 08:00:29.621708967+00:00,3.4
2024-01-07 08:12:23.183301044+00:00,4.4
2024-01-07 08:24:17.630477830+00:00,3.4
2024-01-07 08:36:10.033837845+00:00,4.4
2024-01-07 08:48:03.577197799+00:00,3.4
2024-01-07 08:59:57.194931711+00:00,4.4
2024-01-07 09:11:50.730675128+00:00,3.4
2024-01-07 09:23:44.499583539+00:00,3.4
2024-01-07 09:35:38.816108459+00:00,4.4
2024-01-07 09:47:32.136291413+00:00,3.4
2024-01-07 09:59:26.078420989+00:00,4.4
2024-01-07 10:11:19.712863254+00:00,4.4
2024-01-07 10:23:12.638703736+00:00,3.4
2024-01-07 10:35:06.161551622+00:00,3.4
2024-01-07 10:46:59.687747302+00:00,3.4
2024-01-07 10:58:53.221593967+00:00,4.4
2024-01-07 11:10:46.984672605+00:00,3.4
2024-01-07 11:22:40.986572941+00:00,3.4
2024-01-07 11:34:35.249103321+00:00,3.4
2024-01-07 11:46:28.773220915+00:00,3.4
2024-01-07 11:58:21.896270605+00:00,4.4
2024-01-07 12:10:15.321918624+00:00,3.4
2024-01-07 12:22:09.766619849+00:00,3.4
2024-01-07 12:34:04.017554095+00:00,3.4
2024-01-07 12:45:57.861404096+00:00,4.3
2024-01-07 12:57:51.590509992+00:00,3.4
2024-01-07 13:09:45.640526495+00:00,4.4
2024-01-07 13:21:39.056777837+00:00,3.4
2024-01-07 13:33:32.177412313+00:00,3.4
2024-01-07 13:45:26.219100620+00:00,3.4
2024-01-07 13:57:20.464871762+00:00,4.4
2024-01-07 14:09:14.029396480+00:00,3.4
2024-01-07 14:21:07.729232162+00:00,3.4
2024-01-07 14:33:01.800821934+00:00,3.4
2024-01-07 14:44:55.197758853+00:00,3.4
2024-01-07 14:56:48.623536532+00:00,4.4
2024-01-07 15:08:41.844997171+00:00,3.4
2024-01-07 15:20:35.174292513+00:00,3.4
2024-01-07 15:32:29.214211076+00:00,3.4
2024-01-07 15:44:23.051297310+00:00,3.4
2024-01-07 15:56:16.789312242+00:00,3.4
2024-01-07 16:08:10.375529666+00:00,3.4
2024-01-07 16:20:04.562787723+00:00,3.4
2024-01-07 16:31:57.494830684+00:00,3.4
2024-01-07 16:43:51.420441695+00:00,3.4
2024-01-07 16:55:45.216962166+00:00,3.4
2024-01-07 17:07:38.791225622+00:00,3.4
2024-01-07 17:19:32.651388078+00:00,3.4
2024-01-07 17:31:26.733801862+00:00,3.4
2024-01-07 17:43:20.297901384+00:00,3.4
2024-01-07 17:55:14.234575336+00:00,3.4
2024-01-07 18:07:07.869860048+00:00,3.4
2024-01-07 18:19:01.098973164+00:00,3.4
2024-01-07 18:30:56.286894495+00:00,3.4
2024-01-07 18:42:50.823548260+00:00,3.4
2024-01-07 18:54:45.974400359+00:00,3.4
2024-01-07 18:58:44.263018761+00:00,3.4
2024-01-07 19:02:42.652745778+00:00,4.4
2024-01-07 19:06:40.875342452+00:00,3.4
2024-01-07 19:10:39.435476212+00:00,4.4
2024-01-07 19:14:37.377570551+00:00,4.4
2024-01-07 19:18:35.798800021+00:00,3.4
2024-01-07 19:22:34.014932987+00:00,4.4
2024-01-07 19:26:32.384438093+00:00,4.4
2024-01-07 19:30:31.219830076+00:00,4.4
2024-01-07 19:34:28.746345352+00:00,4.4
2024-01-07 19:38:27.136541304+00:00,4.4
2024-01-07 19:42:25.252938867+00:00,4.4
2024-01-07 19:46:23.304419224+00:00,3.4
2024-01-07 19:50:21.584646199+00:00,4.4
2024-01-07 19:54:19.575725083+00:00,3.4
2024-01-07 19:58:17.669637003+00:00,4.4
2024-01-07 20:02:15.834060163+00:00,3.4
2024-01-07 20:06:13.878609667+00:00,4.4
2024-01-07 20:10:12.202467606+00:00,3.4
2024-01-07 20:14:10.488872362+00:00,4.4
2024-01-07 20:18:08.676248684+00:00,3.4
2024-01-07 20:22:06.667136747+00:00,4.4
2024-01-07 20:26:04.938600490+00:00,3.4
2024-01-07 20:30:03.022455531+00:00,3.4
2024-01-07 20:34:01.316843045+00:00,4.4
2024-01-07 20:37:59.395713291+00:00,4.4
2024-01-07 20:41:57.575265348+00:00,4.4
2024-01-07 20:45:55.656402014+00:00,4.4
2024-01-07 20:49:53.809507686+00:00,3.4
2024-01-07 20:53:52.131419439+00:00,3.4
2024-01-07 20:57:50.418228339+00:00,3.4
2024-01-07 21:01:48.601435738+00:00,4.4
2024-01-07 21:05:46.785816330+00:00,4.4
2024-01-07 21:09:45.077908755+00:00,3.4
2024-01-07 21:13:43.165745480+00:00,3.4
2024-01-07 21:17:40.729248331+00:00,3.4
2024-01-07 21:21:38.715265280+00:00,3.4
2024-01-07 21:25:36.792618377+00:00,3.4
2024-01-07 21:29:34.970401140+00:00,3.4
2024-01-07 21:33:33.052281594+00:00,3.4
2024-01-07 21:37:31.106611211+00:00,3.4
2024-01-07 21:41:29.333133415+00:00,3.4
2024-01-07 21:45:27.402038083+00:00,3.4
2024-01-07 21:49:25.382321120+00:00,3.4
2024-01-07 21:53:23.485193812+00:00,3.4
2024-01-07 21:57:21.756252258+00:00,3.4
2024-01-07 22:09:15.792218997+00:00,3.4
2024-01-07 22:21:08.921924607+00:00,3.4
2024-01-07 22:33:02.446233066+00:00,3.4
2024-01-07 22:44:56.050273569+00:00,3.4
2024-01-07 22:56:49.609305230+00:00,3.4
2024-01-07 23:08:43.239797004+00:00,3.4
2024-01-07 23:20:37.078111185+00:00,3.4
2024-01-07 23:32:30.608727240+00:00,3.4
2024-01-07 23:44:24.137197389+00:00,3.4
2024-01-07 23:56:18.175864480+00:00,3.4
2024-01-08 00:08:11.195503249+00:00,3.4
2024-01-08 00:20:04.831740312+00:00,3.4
2024-01-08 00:31:58.367772456+00:00,3.4
2024-01-08 00:43:52.204557643+00:00,3.4
2024-01-08 00:55:46.748472195+00:00,3.4
2024-01-08 01:07:39.869214607+00:00,3.4
2024-01-08 01:19:34.086344426+00:00,3.4
2024-01-08 01:31:27.748344839+00:00,3.4
2024-01-08 01:43:21.586360101+00:00,3.4
2024-01-08 01:55:16.035107026+00:00,3.4
2024-01-08 02:07:08.987472690+00:00,3.4
2024-01-08 02:19:02.686261163+00:00,3.4
2024-01-08 02:30:56.529203306+00:00,3.4
2024-01-08 02:42:50.361810674+00:00,3.4
2024-01-08 02:54:43.857948264+00:00,2.4
2024-01-08 03:06:38.044231216+00:00,3.4
2024-01-08 03:18:31.770289993+00:00,3.4
2024-01-08 03:30:25.093586762+00:00,3.4
2024-01-08 03:42:18.425170034+00:00,3.4
2024-01-08 03:54:12.563731524+00:00,3.4
2024-01-08 04:06:05.892595683+00:00,3.4
2024-01-08 04:18:00.144520031+00:00,3.4
2024-01-08 04:29:53.565684574+00:00,3.4
2024-01-08 04:41:47.404859139+00:00,2.4
2024-01-08 04:53:41.646267135+00:00,3.4
2024-01-08 05:05:34.563177817+00:00,3.4
2024-01-08 05:17:28.096532776+00:00,3.4
2024-01-08 05:29:22.010639126+00:00,3.4
2024-01-08 05:41:15.976883060+00:00,3.4
2024-01-08 05:53:09.726931455+00:00,3.4
2024-01-08 06:05:03.852941706+00:00,3.4
2024-01-08 06:16:57.790219307+00:00,3.4
2024-01-08 06:28:51.891744637+00:00,3.4
2024-01-08 06:40:45.875159526+00:00,3.4
2024-01-08 06:52:39.298722540+00:00,3.4
2024-01-08 07:04:32.624168622+00:00,3.4
2024-01-08 07:16:26.152718857+00:00,3.4
2024-01-08 07:28:19.890605803+00:00,2.4
2024-01-08 07:40:13.896341508+00:00,3.4
2024-01-08 07:52:08.175998170+00:00,3.4
2024-01-08 08:04:01.807242397+00:00,3.4
2024-01-08 08:15:54.729508832+00:00,2.4
2024-01-08 08:27:49.186417943+00:00,3.4
2024-01-08 08:39:43.113152187+00:00,3.4
2024-01-08 08:51:36.746833429+00:00,3.4
2024-01-08 09:03:31.099021349+00:00,2.4
2024-01-08 09:15:24.418543938+00:00,3.4
2024-01-08 09:27:18.560980607+00:00,3.4
2024-01-08 09:39:13.018285215+00:00,2.4
2024-01-08 09:51:05.830338934+00:00,3.4
2024-01-08 10:02:59.473309221+00:00,3.4
2024-01-08 10:14:53.308839780+00:00,3.4
2024-01-08 10:26:48.056361996+00:00,3.4
2024-01-08 10:38:41.484518349+00:00,2.4
2024-01-08 10:50:36.246066189+00:00,3.4
2024-01-08 11:02:30.281065436+00:00,2.4
2024-01-08 11:14:23.304078117+00:00,3.4
2024-01-08 11:26:16.831535060+00:00,3.4
2024-01-08 11:38:10.973222305+00:00,3.4
2024-01-08 11:50:04.199590213+00:00,3.4
2024-01-08 12:01:58.034561910+00:00,3.4
2024-01-08 12:13:51.976140206+00:00,3.4
2024-01-08 12:25:48.274447811+00:00,2.4
2024-01-08 12:37:40.172103183+00:00,3.4
2024-01-08 12:49:33.592596140+00:00,3.4
2024-01-08 13:01:27.123366303+00:00,2.4
2024-01-08 13:13:20.552536463+00:00,2.4
2024-01-08 13:25:14.084538733+00:00,3.4
2024-01-08 13:37:07.066599444+00:00,2.4
2024-01-08 13:49:01.147147116+00:00,3.4
2024-01-08 14:00:55.087739458+00:00,3.4
2024-01-08 14:12:49.219705038+00:00,3.4
2024-01-08 14:24:43.261018909+00:00,2.4
2024-01-08 14:36:36.858797137+00:00,3.4
2024-01-08 14:48:30.750434071+00:00,3.4
2024-01-08 15:00:24.463608362+00:00,3.4
2024-01-08 15:12:18.308138058+00:00,3.4
2024-01-08 15:24:11.631249487+00:00,3.4
2024-01-08 15:36:04.957730695+00:00,3.4
2024-01-08 15:47:57.988060803+00:00,3.4
2024-01-08 15:59:51.103075247+00:00,3.4
2024-01-08 16:11:44.879968299+00:00,2.4
2024-01-08 16:23:38.145543394+00:00,2.4
2024-01-08 16:35:31.687441429+00:00,2.4
2024-01-08 16:47:25.774087816+00:00,2.4
2024-01-08 16:59:19.147680977+00:00,3.4
2024-01-08 17:11:12.566326065+00:00,3.4
2024-01-08 17:23:06.164645496+00:00,3.4
2024-01-08 17:35:00.037768357+00:00,3.4
2024-01-08 17:46:53.771980171+00:00,2.4
2024-01-08 17:58:48.326087795+00:00,3.4
2024-01-08 18:10:41.067015442+00:00,2.4
2024-01-08 18:22:34.769426265+00:00,3.4
2024-01-08 18:34:27.788923616+00:00,3.4
2024-01-08 18:46:21.116897761+00:00,3.4
2024-01-08 18:58:14.953429200+00:00,2.4
2024-01-08 19:10:09.121673536+00:00,3.4
2024-01-08 19:22:02.931848578+00:00,3.4
2024-01-08 19:33:56.661510973+00:00,2.4
2024-01-08 19:45:50.400203657+00:00,3.4
2024-01-08 19:57:46.781803438+00:00,3.4
2024-01-08 20:09:37.367624230+00:00,3.4
2024-01-08 20:21:30.822879518+00:00,2.4
2024-01-08 20:33:24.177434733+00:00,2.4
2024-01-08 20:45:17.738667634+00:00,2.4
2024-01-08 20:57:11.899776372+00:00,2.4
2024-01-08 21:09:05.311756422+00:00,3.4
2024-01-08 21:20:59.248060466+00:00,3.4
2024-01-08 21:32:52.778283445+00:00,3.4
2024-01-08 21:44:46.315462509+00:00,2.4
2024-01-08 21:56:40.558396980+00:00,2.4
2024-01-08 22:08:33.889133426+00:00,3.3
2024-01-08 22:20:27.923974117+00:00,3.4
2024-01-08 22:32:21.864661561+00:00,2.4
2024-01-08 22:44:15.082455320+00:00,3.4
2024-01-08 22:56:09.229559141+00:00,3.4
2024-01-08 23:08:03.270404891+00:00,2.4
2024-01-08 23:19:56.800368979+00:00,3.4
2024-01-08 23:31:50.639461570+00:00,3.4
2024-01-08 23:43:44.680401644+00:00,2.4
2024-01-08 23:55:38.109423553+00:00,3.4
2024-01-09 00:07:31.642324882+00:00,3.4
2024-01-09 00:19:25.265422942+00:00,2.4
2024-01-09 00:31:18.700485155+00:00,3.4
2024-01-09 00:43:12.841735002+00:00,3.4
2024-01-09 00:55:07.189181176+00:00,2.4
2024-01-09 01:07:00.216135160+00:00,3.4
2024-01-09 01:18:53.839939038+00:00,2.4
2024-01-09 01:30:48.087949725+00:00,2.4
2024-01-09 01:42:41.719890329+00:00,3.4
2024-01-09 01:54:35.246093708+00:00,2.4
2024-01-09 02:06:28.877485611+00:00,2.4
2024-01-09 02:18:22.815491615+00:00,2.4
2024-01-09 02:30:16.566372535+00:00,3.4
2024-01-09 02:42:10.798483061+00:00,2.4
2024-01-09 02:54:04.307139998+00:00,3.4
2024-01-09 03:05:58.368632908+00:00,3.4
2024-01-09 03:17:52.001219979+00:00,3.4
2024-01-09 03:29:44.913699085+00:00,3.4
2024-01-09 03:41:39.161735473+00:00,2.4
2024-01-09 03:53:32.491744497+00:00,3.4
2024-01-09 04:05:26.221391111+00:00,3.4
2024-01-09 04:17:19.757080384+00:00,2.4
2024-01-09 04:29:14.209904448+00:00,3.4
2024-01-09 04:41:08.346287149+00:00,2.4
2024-01-09 04:53:02.497724497+00:00,2.4
2024-01-09 05:04:55.920448102+00:00,2.4
2024-01-09 05:16:48.330194882+00:00,2.4
2024-01-09 05:28:42.594700698+00:00,2.4
2024-01-09 05:40:36.198582305+00:00,3.4
2024-01-09 05:52:30.244174973+00:00,2.4
2024-01-09 06:04:24.591945882+00:00,3.4
2024-01-09 06:16:18.527156831+00:00,2.4
2024-01-09 06:28:11.659938274+00:00,3.4
2024-01-09 06:40:06.157468591+00:00,2.4
2024-01-09 06:51:58.714764333+00:00,3.4
2024-01-09 07:03:51.833884565+00:00,3.4
2024-01-09 07:15:45.565757558+00:00,2.4
2024-01-09 07:27:38.957463426+00:00,3.4
2024-01-09 07:39:33.131782706+00:00,2.4
2024-01-09 07:51:27.081328906+00:00,2.4
2024-01-09 08:03:20.802337170+00:00,2.4
2024-01-09 08:15:13.823144969+00:00,3.4
2024-01-09 08:27:07.157266298+00:00,3.4
2024-01-09 08:39:00.474341055+00:00,2.4
2024-01-09 08:50:54.107303839+00:00,2.4
2024-01-09 09:02:48.358360559+00:00,2.4
2024-01-09 09:14:41.584215060+00:00,2.4
2024-01-09 09:26:35.515510684+00:00,2.4
2024-01-09 09:38:29.354122389+00:00,2.4
2024-01-09 09:50:23.297641580+00:00,2.4
2024-01-09 10:02:17.205269525+00:00,2.4
2024-01-09 10:14:10.866760311+00:00,2.4
2024-01-09 10:26:04.908731675+00:00,2.4
2024-01-09 10:37:58.435168629+00:00,2.4
2024-01-09 10:49:51.963694487+00:00,2.4
2024-01-09 11:01:45.799554599+00:00,2.4
2024-01-09 11:13:41.687119957+00:00,2.4
2024-01-09 11:25:33.783921895+00:00,2.4
2024-01-09 11:37:27.005137905+00:00,2.4
2024-01-09 11:49:21.128742211+00:00,2.4
2024-01-09 12:01:14.267816157+00:00,2.4
2024-01-09 12:13:08.517070087+00:00,2.4
2024-01-09 12:25:01.633942343+00:00,2.4
2024-01-09 12:36:55.370798032+00:00,2.4
2024-01-09 12:48:49.103908567+00:00,2.4
2024-01-09 13:00:42.329527476+00:00,2.4
2024-01-09 13:12:35.852511991+00:00,2.4
2024-01-09 13:24:29.282673707+00:00,2.4
2024-01-09 13:36:22.450946655+00:00,2.4
2024-01-09 13:48:16.957309599+00:00,2.4
2024-01-09 14:00:10.176107048+00:00,2.4
2024-01-09 14:12:03.911819490+00:00,2.4
2024-01-09 14:23:58.166367982+00:00,2.4
2024-01-09 14:35:51.073213742+00:00,2.4
2024-01-09 14:47:44.576552624+00:00,2.4
2024-01-09 14:59:39.058547982+00:00,2.4
2024-01-09 15:11:32.494858711+00:00,2.4
2024-01-09 15:23:26.115050065+00:00,2.4
2024-01-09 15:35:19.538668813+00:00,2.4
2024-01-09 15:47:13.069217340+00:00,2.4
2024-01-09 15:59:06.908205758+00:00,2.4
2024-01-09 16:11:01.626032+00:00,2.4
2024-01-09 16:22:55.499418050+00:00,2.4
2024-01-09 16:34:49.365077409+00:00,2.4
2024-01-09 16:46:43.283117119+00:00,2.4
2024-01-09 16:58:37.326167816+00:00,2.4
2024-01-09 17:10:30.950886812+00:00,2.4
2024-01-09 17:22:24.692272452+00:00,2.4
2024-01-09 17:34:19.140858371+00:00,2.4
2024-01-09 17:46:13.079893303+00:00,2.4
2024-01-09 17:58:07.017537671+00:00,2.4
2024-01-09 18:10:00.649950199+00:00,2.4
2024-01-09 18:21:54.082437911+00:00,2.4
2024-01-09 18:33:48.433490061+00:00,2.4
2024-01-09 18:45:41.443676150+00:00,2.4
2024-01-09 18:57:34.944219361+00:00,2.4
2024-01-09 19:09:29.236131324+00:00,2.4
2024-01-09 19:21:22.547653247+00:00,2.4
2024-01-09 19:33:16.992316968+00:00,2.4
2024-01-09 19:45:10.326611990+00:00,2.4
2024-01-09 19:57:03.847000032+00:00,2.4
2024-01-09 20:08:56.763187387+00:00,2.4
2024-01-09 20:20:51.010953366+00:00,2.4
2024-01-09 20:32:44.538411354+00:00,2.4
2024-01-09 20:44:38.690702945+00:00,2.4
2024-01-09 20:56:31.493299005+00:00,2.4
2024-01-09 21:08:25.944300055+00:00,2.4
2024-01-09 21:20:19.107562296+00:00,2.4
2024-01-09 21:32:12.396030729+00:00,2.4
2024-01-09 21:44:06.331084695+00:00,2.4
2024-01-09 21:56:01.196177142+00:00,2.4
2024-01-09 22:07:53.803249613+00:00,2.4
2024-01-09 22:19:47.943145334+00:00,2.4
2024-01-09 22:31:41.692527977+00:00,2.4
2024-01-09 22:43:34.902679231+00:00,2.4
2024-01-09 22:55:28.328243237+00:00,2.4
2024-01-09 23:07:22.165631745+00:00,2.4
2024-01-09 23:19:15.800315819+00:00,2.4
2024-01-09 23:31:09.529157882+00:00,2.4
2024-01-09 23:43:02.651678140+00:00,2.4
2024-01-09 23:54:57.410889954+00:00,2.4
2024-01-10 00:06:50.737426363+00:00,2.4
2024-01-10 00:18:44.580627764+00:00,2.4
2024-01-10 00:30:37.703228595+00:00,2.4
2024-01-10 00:42:31.222351900+00:00,2.4
2024-01-10 00:54:25.057078474+00:00,2.4
2024-01-10 01:06:18.781281710+00:00,2.4
2024-01-10 01:18:12.732201437+00:00,2.4
2024-01-10 01:30:06.262516965+00:00,2.4
2024-01-10 01:41:59.615293260+00:00,2.4
2024-01-10 01:53:53.218858911+00:00,2.4
2024-01-10 02:05:47.158446808+00:00,2.4
2024-01-10 02:17:41.413004422+00:00,2.4
2024-01-10 02:29:34.933949869+00:00,2.4
2024-01-10 02:41:28.565423777+00:00,2.4
2024-01-10 02:53:22.298189147+00:00,2.4
2024-01-10 03:05:15.828654621+00:00,2.4
2024-01-10 03:17:10.075699706+00:00,2.4
2024-01-10 03:29:03.811241823+00:00,2.4
2024-01-10 03:40:57.747844724+00:00,2.4
2024-01-10 03:52:51.176662476+00:00,2.4
2024-01-10 04:04:44.807430771+00:00,2.4
2024-01-10 04:16:38.337355947+00:00,2.4
2024-01-10 04:28:31.564191066+00:00,2.4
2024-01-10 04:40:25.501124554+00:00,2.4
2024-01-10 04:52:19.178816753+00:00,2.4
2024-01-10 05:04:12.765883773+00:00,2.4
2024-01-10 05:16:06.977429630+00:00,2.4
2024-01-10 05:28:00.953171424+00:00,2.4
2024-01-10 05:39:54.498121157+00:00,2.4
2024-01-10 05:51:48.321707834+00:00,2.4
2024-01-10 06:03:41.742944709+00:00,2.4
2024-01-10 06:15:35.168991264+00:00,2.4
2024-01-10 06:27:29.110084355+00:00,2.4
2024-01-10 06:39:22.845399406+00:00,2.4
2024-01-10 06:51:16.681399518+00:00,2.4
2024-01-10 07:03:10.431009818+00:00,2.4
2024-01-10 07:15:03.843032174+00:00,2.4
2024-01-10 07:26:58.363054308+00:00,2.4
2024-01-10 07:38:51.411811063+00:00,2.4
2024-01-10 07:50:44.944240923+00:00,2.4
2024-01-10 08:02:38.580555127+00:00,2.4
2024-01-10 08:14:32.484399435+00:00,2.4
2024-01-10 08:26:26.474820038+00:00,2.4
2024-01-10 08:38:19.680421021+00:00,2.4
2024-01-10 08:50:13.616454375+00:00,2.4
2024-01-10 09:02:07.963433946+00:00,2.4
2024-01-10 09:14:01.342598608+00:00,2.4
2024-01-10 09:25:54.611478818+00:00,2.4
2024-01-10 09:37:48.323242227+00:00,2.4
2024-01-10 09:49:42.917042961+00:00,2.4
2024-01-10 10:01:37.240170899+00:00,2.4
2024-01-10 10:13:30.575279819+00:00,2.4
2024-01-10 10:25:24.008570729+00:00,2.4
2024-01-10 10:37:18.151774071+00:00,2.4
2024-01-10 10:49:11.922413677+00:00,2.4
2024-01-10 11:01:05.721607460+00:00,2.4
2024-01-10 11:13:00.065933801+00:00,2.4
2024-01-10 11:24:53.701580017+00:00,2.4
2024-01-10 11:36:47.738486563+00:00,2.4
2024-01-10 11:48:41.481480719+00:00,2.4
2024-01-10 12:00:35.830572385+00:00,2.4
2024-01-10 12:12:29.064438024+00:00,2.4
2024-01-10 12:24:23.087032990+00:00,2.4
2024-01-10 12:36:16.938705981+00:00,2.4
2024-01-10 12:48:10.354926970+00:00,2.4
2024-01-10 13:00:03.565748619+00:00,2.4
2024-01-10 13:11:57.515642990+00:00,2.4
2024-01-10 13:23:51.250563096+00:00,2.4
2024-01-10 13:35:44.887743127+00:00,2.4
2024-01-10 13:47:39.041015409+00:00,2.4
2024-01-10 13:59:32.860161223+00:00,2.4
2024-01-10 14:11:26.902199478+00:00,2.4
2024-01-10 14:23:20.849306560+00:00,2.4
2024-01-10 14:35:14.274724006+00:00,2.4
2024-01-10 14:47:08.208667709+00:00,2.4
2024-01-10 14:59:02.073971078+00:00,2.4
2024-01-10 15:10:56.099898442+00:00,2.4
2024-01-10 15:22:49.973597387+00:00,2.4
2024-01-10 15:34:43.871315304+00:00,2.4
2024-01-10 15:46:37.659927115+00:00,2.4
2024-01-10 15:58:30.905961134+00:00,2.4
2024-01-10 16:10:24.966319924+00:00,2.4
2024-01-10 16:22:18.482383451+00:00,2.4
2024-01-10 16:34:13.150945486+00:00,2.4
2024-01-10 16:46:07.715860733+00:00,2.4
2024-01-10 16:58:00.930437957+00:00,2.4
2024-01-10 17:09:54.714153940+00:00,2.4
2024-01-10 17:21:49.010782622+00:00,2.4
2024-01-10 17:33:42.745800603+00:00,2.4
2024-01-10 17:45:36.588235100+00:00,2.4
2024-01-10 17:57:30.117135475+00:00,2.4
2024-01-10 18:09:24.350279929+00:00,2.4
2024-01-10 18:21:17.238549352+00:00,2.4
2024-01-10 18:33:11.591022174+00:00,1.4
2024-01-10 18:45:05.063617756+00:00,2.4
2024-01-10 18:56:58.888657098+00:00,2.4
2024-01-10 19:08:52.727211795+00:00,2.4
2024-01-10 19:20:46.046137950+00:00,2.4
2024-01-10 19:32:40.806001217+00:00,2.4
2024-01-10 19:44:33.491856599+00:00,2.4
2024-01-10 19:56:26.854975318+00:00,2.4
2024-01-10 20:08:20.580898529+00:00,2.4
2024-01-10 20:20:14.206497003+00:00,2.4
2024-01-10 20:32:08.336998479+00:00,2.4
2024-01-10 20:44:01.062464813+00:00,2.4
2024-01-10 20:55:55.613094584+00:00,2.4
2024-01-10 21:07:50.068097260+00:00,2.4
2024-01-10 21:19:43.224899127+00:00,2.4
2024-01-10 21:31:37.228969186+00:00,2.4
2024-01-10 21:43:30.507365852+00:00,1.4
2024-01-10 21:55:24.966916491+00:00,2.4
2024-01-10 22:07:17.407891356+00:00,2.4
2024-01-10 22:19:11.139259648+00:00,2.4
2024-01-10 22:31:05.284145549+00:00,2.4
2024-01-10 22:42:59.531863749+00:00,2.4
2024-01-10 22:54:52.764420809+00:00,2.4
2024-01-10 23:06:47.409676276+00:00,2.4
2024-01-10 23:18:40.428853229+00:00,2.4
2024-01-10 23:30:33.856487282+00:00,2.4
2024-01-10 23:42:27.495530843+00:00,2.4
2024-01-10 23:54:21.983399476+00:00,2.4
2024-01-11 00:06:14.341627204+00:00,1.4
2024-01-11 00:18:09.203560732+00:00,2.4
2024-01-11 00:30:02.803736034+00:00,2.4
2024-01-11 00:41:56.572269798+00:00,2.4
2024-01-11 00:53:51.022816949+00:00,2.4
2024-01-11 01:05:44.597781948+00:00,2.4
2024-01-11 01:17:38.026536006+00:00,2.4
2024-01-11 01:29:32.381639392+00:00,1.4
2024-01-11 01:41:25.243193951+00:00,1.4
2024-01-11 01:53:19.281166571+00:00,2.4
2024-01-11 02:05:13.529282156+00:00,1.4
2024-01-11 02:17:08.202027883+00:00,2.4
2024-01-11 02:29:01.715342047+00:00,2.4
2024-01-11 02:40:55.756118800+00:00,2.4
2024-01-11 02:52:49.182960896+00:00,2.4
2024-01-11 03:04:42.614373829+00:00,2.4
2024-01-11 03:16:36.757459553+00:00,2.4
2024-01-11 03:28:29.674628334+00:00,1.4
2024-01-11 03:40:23.199454324+00:00,1.4
2024-01-11 03:52:17.548605535+00:00,1.4
2024-01-11 04:04:11.697252444+00:00,1.4
2024-01-11 04:16:04.886840764+00:00,1.4
2024-01-11 04:27:59.577517310+00:00,1.4
2024-01-11 04:39:53.005638143+00:00,1.4
2024-01-11 04:51:47.038526124+00:00,1.4
2024-01-11 05:03:40.260555471+00:00,1.4
2024-01-11 05:15:33.587396471+00:00,1.4
2024-01-11 05:27:27.812887908+00:00,1.4
2024-01-11 05:39:21.668779452+00:00,1.4
2024-01-11 05:51:15.610045662+00:00,1.4
2024-01-11 06:03:10.061614785+00:00,1.4
2024-01-11 06:15:04.002211127+00:00,1.4
2024-01-11 06:26:58.553405569+00:00,1.4
2024-01-11 06:38:52.256231397+00:00,1.4
2024-01-11 06:50:44.895674142+00:00,1.4
2024-01-11 07:02:38.834321791+00:00,2.4
2024-01-11 07:14:32.671559376+00:00,1.4
2024-01-11 07:26:26.510520886+00:00,2.4
2024-01-11 07:38:20.653955830+00:00,2.4
2024-01-11 07:50:13.676882521+00:00,1.4
2024-01-11 08:02:07.300022772+00:00,2.4
2024-01-11 08:14:00.730183332+00:00,2.4
2024-01-11 08:25:54.261418676+00:00,2.4
2024-01-11 08:37:48.095480806+00:00,1.4
2024-01-11 08:49:41.524013442+00:00,1.4
2024-01-11 09:01:34.953390687+00:00,1.4
2024-01-11 09:13:28.890865235+00:00,1.4
2024-01-11 09:25:22.828225991+00:00,1.4
2024-01-11 09:37:16.459869201+00:00,2.4
2024-01-11 09:49:09.886040813+00:00,2.4
2024-01-11 10:01:04.027603189+00:00,2.4
2024-01-11 10:12:57.361777900+00:00,1.4
2024-01-11 10:24:50.889601829+00:00,1.4
2024-01-11 10:36:44.517883230+00:00,1.4
2024-01-11 10:48:39.173672893+00:00,1.4
2024-01-11 11:00:32.601643672+00:00,1.4
2024-01-11 11:12:26.636088944+00:00,1.4
2024-01-11 11:24:20.085526099+00:00,1.4
2024-01-11 11:36:13.973643736+00:00,1.4
2024-01-11 11:48:08.256819351+00:00,1.4
2024-01-11 12:00:01.420702555+00:00,1.4
2024-01-11 12:11:54.750788501+00:00,1.4
2024-01-11 12:23:49.667390547+00:00,1.4
2024-01-11 12:35:42.889734056+00:00,1.4
2024-01-11 12:47:36.414186250+00:00,1.4
2024-01-11 12:59:30.250628906+00:00,1.4
2024-01-11 13:11:24.367140634+00:00,1.4
2024-01-11 13:23:18.268811462+00:00,1.4
2024-01-11 13:35:11.558680242+00:00,1.4
2024-01-11 13:47:04.777666337+00:00,1.4
2024-01-11 13:58:58.512215351+00:00,1.4
2024-01-11 14:10:52.862841864+00:00,1.4
2024-01-11 14:22:46.090955062+00:00,1.4
2024-01-11 14:34:40.229356584+00:00,1.4
2024-01-11 14:46:33.654078613+00:00,1.4
2024-01-11 14:58:27.595766357+00:00,1.4
2024-01-11 15:10:21.126126990+00:00,1.4
2024-01-11 15:22:14.364196346+00:00,1.4
2024-01-11 15:34:07.788579510+00:00,1.4
2024-01-11 15:46:02.225966684+00:00,1.4
2024-01-11 15:57:55.858144861+00:00,1.4
2024-01-11 16:09:49.706197377+00:00,1.4
2024-01-11 16:21:43.671725721+00:00,1.4
2024-01-11 16:33:37.182964473+00:00,1.4
2024-01-11 16:45:31.214863574+00:00,1.4
2024-01-11 16:57:24.438413361+00:00,1.4
2024-01-11 17:09:17.974947073+00:00,1.4
2024-01-11 17:21:11.383474189+00:00,1.4
2024-01-11 17:33:06.462913019+00:00,1.4
2024-01-11 17:44:59.577705076+00:00,1.4
2024-01-11 17:56:54.235989947+00:00,1.4
2024-01-11 18:08:48.677137613+00:00,1.4
2024-01-11 18:20:42.001190533+00:00,1.4
2024-01-11 18:32:35.325623621+00:00,1.4
2024-01-11 18:44:28.960571136+00:00,1.4
2024-01-11 18:56:23.418871350+00:00,1.4
2024-01-11 19:08:17.247498886+00:00,1.4
2024-01-11 19:20:11.470102900+00:00,1.4
2024-01-11 19:32:04.922938557+00:00,1.4
2024-01-11 19:43:59.075120584+00:00,1.4
2024-01-11 19:55:53.213897674+00:00,1.4
2024-01-11 20:07:46.740543421+00:00,1.4
2024-01-11 20:19:40.473783675+00:00,1.4
2024-01-11 20:31:34.323940720+00:00,1.4
2024-01-11 20:43:27.943289503+00:00,1.4
2024-01-11 20:55:21.384133604+00:00,1.4
2024-01-11 21:07:14.599796677+00:00,1.4
2024-01-11 21:19:09.044135364+00:00,1.4
2024-01-11 21:31:02.474753131+00:00,1.4
2024-01-11 21:42:56.105748323+00:00,1.4
2024-01-11 21:54:49.221991531+00:00,1.4
2024-01-11 22:06:42.890724474+00:00,1.4
2024-01-11 22:18:37.204003658+00:00,1.4
2024-01-11 22:30:30.732417722+00:00,1.4
2024-01-11 22:42:24.573088953+00:00,1.4
2024-01-11 22:54:18.772309765+00:00,1.4
2024-01-11 23:06:12.756695412+00:00,1.4
2024-01-11 23:18:05.777919150+00:00,1.4
2024-01-11 23:29:59.101044287+00:00,1.4
2024-01-11 23:41:52.627721317+00:00,1.4
2024-01-11 23:53:46.665923088+00:00,1.4
2024-01-12 00:05:40.772661001+00:00,1.4
2024-01-12 00:17:34.239135428+00:00,1.4
2024-01-12 00:29:27.784570544+00:00,1.4
2024-01-12 00:41:21.814290747+00:00,1.4
2024-01-12 00:53:15.546855162+00:00,1.4
2024-01-12 01:05:08.876615818+00:00,1.4
2024-01-12 01:17:02.201033831+00:00,1.4
2024-01-12 01:28:56.136430399+00:00,1.4
2024-01-12 01:40:49.872326009+00:00,1.4
2024-01-12 01:52:43.295683149+00:00,1.4
2024-01-12 02:04:37.204351954+00:00,1.4
2024-01-12 02:16:29.841743193+00:00,1.4
2024-01-12 02:28:23.373680038+00:00,1.4
2024-01-12 02:40:17.314007915+00:00,1.4
2024-01-12 02:52:10.228727270+00:00,1.4
2024-01-12 03:04:04.082201902+00:00,1.4
2024-01-12 03:15:58.000123343+00:00,1.4
2024-01-12 03:27:52.046370019+00:00,1.4
2024-01-12 03:39:45.732438298+00:00,1.4
2024-01-12 03:51:39.370440677+00:00,1.4
2024-01-12 04:03:32.394114710+00:00,1.4
2024-01-12 04:15:26.674009040+00:00,1.4
2024-01-12 04:27:19.693245696+00:00,1.4
2024-01-12 04:39:13.279201074+00:00,1.4
2024-01-12 04:51:07.162499888+00:00,1.4
2024-01-12 05:03:01.306056727+00:00,1.4
2024-01-12 05:14:54.634318833+00:00,1.4
2024-01-12 05:26:48.572245245+00:00,1.4
2024-01-12 05:38:42.038051002+00:00,1.4
2024-01-12 05:50:35.937748436+00:00,1.4
2024-01-12 06:02:30.390543680+00:00,1.4
2024-01-12 06:14:24.120628497+00:00,1.4
2024-01-12 06:26:17.961931708+00:00,1.4
2024-01-12 06:38:12.201920971+00:00,1.4
2024-01-12 06:50:05.838051916+00:00,1.4
2024-01-12 07:01:59.060570770+00:00,1.4
2024-01-12 07:13:52.284309488+00:00,1.4
2024-01-12 07:25:45.504983637+00:00,1.4
2024-01-12 07:37:39.135987399+00:00,1.4
2024-01-12 07:49:33.177440287+00:00,1.4
2024-01-12 08:01:26.711172392+00:00,1.4
2024-01-12 08:13:20.749432148+00:00,1.4
2024-01-12 08:25:14.386242443+00:00,1.4
2024-01-12 08:37:07.814571013+00:00,1.4
2024-01-12 08:49:01.378166941+00:00,1.4
2024-01-12 09:00:55.874844740+00:00,1.4
2024-01-12 09:12:49.322296715+00:00,1.4
2024-01-12 09:24:42.744383047+00:00,1.4
2024-01-12 09:36:36.684976295+00:00,1.4
2024-01-12 09:48:30.932901201+00:00,1.4
2024-01-12 10:00:25.184107017+00:00,1.4
2024-01-12 10:12:18.708820069+00:00,1.4
2024-01-12 10:24:12.242090651+00:00,1.4
2024-01-12 10:36:05.356135126+00:00,1.4
2024-01-12 10:47:58.992104592+00:00,1.4
2024-01-12 10:59:52.423734735+00:00,1.4
2024-01-12 11:11:46.155382092+00:00,1.4
2024-01-12 11:23:39.682846413+00:00,1.4
2024-01-12 11:35:33.416537699+00:00,1.4
2024-01-12 11:47:27.458915074+00:00,1.4
2024-01-12 11:59:20.997645136+00:00,1.4
2024-01-12 12:11:14.632579340+00:00,1.4
2024-01-12 12:23:08.256535056+00:00,1.4
2024-01-12 12:35:01.880103558+00:00,1.4
2024-01-12 12:46:55.513512588+00:00,1.4
2024-01-12 12:58:49.966821646+00:00,1.4
2024-01-12 13:10:43.500709454+00:00,1.4
2024-01-12 13:22:37.739429364+00:00,1.4
2024-01-12 13:34:31.888137794+00:00,1.4
2024-01-12 13:46:25.926449015+00:00,1.4
2024-01-12 13:58:18.022437301+00:00,1.4
2024-01-12 14:10:11.148140010+00:00,1.4
2024-01-12 14:22:05.288026885+00:00,1.4
2024-01-12 14:33:58.512489137+00:00,1.4
2024-01-12 14:45:52.253305895+00:00,1.4
2024-01-12 14:57:46.596450620+00:00,1.4
2024-01-12 15:09:39.714662298+00:00,1.4
2024-01-12 15:21:33.959392140+00:00,1.4
2024-01-12 15:33:27.115713055+00:00,1.4
2024-01-12 15:45:21.402553932+00:00,1.4
2024-01-12 15:57:15.028131370+00:00,1.4
2024-01-12 16:09:08.455158649+00:00,1.4
2024-01-12 16:21:02.219726772+00:00,1.4
2024-01-12 16:32:55.958391752+00:00,1.4
2024-01-12 16:44:49.689325865+00:00,1.4
2024-01-12 16:56:43.629107848+00:00,1.4
2024-01-12 17:08:37.262136578+00:00,1.4
2024-01-12 17:20:30.311112378+00:00,1.4
2024-01-12 17:32:24.117495691+00:00,1.4
2024-01-12 17:44:17.663207092+00:00,1.4
2024-01-12 17:56:11.483799872+00:00,1.4
2024-01-12 18:08:05.113433098+00:00,1.4
2024-01-12 18:19:59.054289157+00:00,1.4
2024-01-12 18:31:52.889775628+00:00,1.4
2024-01-12 18:43:46.434255586+00:00,1.4
2024-01-12 18:55:40.671396826+00:00,1.4
2024-01-12 19:07:34.475695397+00:00,1.3
2024-01-12 19:19:27.523391455+00:00,1.4
2024-01-12 19:31:21.561318923+00:00,1.4
2024-01-12 19:43:15.197474437+00:00,1.4
2024-01-12 19:55:08.522098358+00:00,1.4
2024-01-12 20:07:02.255705646+00:00,1.4
2024-01-12 20:18:55.886526271+00:00,1.4
2024-01-12 20:30:49.823552199+00:00,1.4
2024-01-12 20:42:42.740080314+00:00,1.4
2024-01-12 20:54:36.373469853+00:00,1.4
2024-01-12 21:06:30.116382393+00:00,1.4
2024-01-12 21:18:24.046805455+00:00,1.4
2024-01-12 21:30:17.988620902+00:00,1.4
2024-01-12 21:42:12.131901936+00:00,1.4
2024-01-12 21:54:05.658377117+00:00,1.4
2024-01-12 22:05:59.251685477+00:00,1.4
2024-01-12 22:17:52.819322241+00:00,1.4
2024-01-12 22:29:46.352739396+00:00,1.4
2024-01-12 22:41:40.190603182+00:00,1.4
2024-01-12 22:53:34.120171093+00:00,1.4
2024-01-12 23:02:46.356911392+00:00,1.4
2024-01-12 23:03:06.342029411+00:00,1.4
2024-01-12 23:09:03.509025262+00:00,1.4
2024-01-12 23:13:01.606544858+00:00,1.4
2024-01-12 23:16:59.985358340+00:00,1.4
2024-01-12 23:20:58.169444646+00:00,1.4
2024-01-12 23:24:56.149186373+00:00,1.4
2024-01-12 23:28:54.230557972+00:00,1.4
2024-01-12 23:32:52.515949262+00:00,1.4
2024-01-12 23:36:51.010805903+00:00,1.4
2024-01-12 23:40:49.806961058+00:00,1.4
2024-01-12 23:44:47.991503722+00:00,1.4
2024-01-12 23:48:46.278242591+00:00,1.4
2024-01-12 23:52:44.463894232+00:00,1.4
2024-01-12 23:56:42.133881071+00:00,1.4
2024-01-13 00:00:40.376502813+00:00,1.4
2024-01-13 00:04:39.017113764+00:00,1.4
2024-01-13 00:08:36.685849580+00:00,1.4
2024-01-13 00:12:34.974100371+00:00,1.4
2024-01-13 00:16:33.465519959+00:00,1.4
2024-01-13 00:20:31.036710241+00:00,1.4
2024-01-13 00:24:29.893746133+00:00,1.4
2024-01-13 00:28:27.914191060+00:00,1.4
2024-01-13 00:32:26.100089936+00:00,1.4
2024-01-13 00:36:23.984627412+00:00,1.4
2024-01-13 00:40:22.107613039+00:00,1.4
2024-01-13 00:44:20.345997424+00:00,1.4
2024-01-13 00:48:18.485665699+00:00,1.4
2024-01-13 00:52:16.816179172+00:00,1.4
2024-01-13 00:56:14.796114408+00:00,1.4
2024-01-13 01:00:13.697373641+00:00,1.4
2024-01-13 01:04:11.137844915+00:00,1.4
2024-01-13 01:08:09.934630755+00:00,1.4
2024-01-13 01:12:07.841403419+00:00,1.4
2024-01-13 01:16:06.332955735+00:00,1.4
2024-01-13 01:20:04.416008698+00:00,1.4
2024-01-13 01:24:02.450863413+00:00,1.4
2024-01-13 01:28:01.089948648+00:00,1.4
2024-01-13 01:31:59.070433881+00:00,1.4
2024-01-13 01:35:56.985551366+00:00,1.4
2024-01-13 01:39:54.943713646+00:00,1.4
2024-01-13 01:43:53.940747547+00:00,1.4
2024-01-13 01:47:51.675912642+00:00,1.4
2024-01-13 01:51:50.363348729+00:00,1.4
2024-01-13 01:55:47.933198017+00:00,1.4
2024-01-13 01:59:47.074784679+00:00,1.4
2024-01-13 02:03:44.540385375+00:00,1.4
2024-01-13 02:07:43.238256481+00:00,1.4
2024-01-13 02:11:41.423667069+00:00,1.4
2024-01-13 02:15:39.610952484+00:00,1.4
2024-01-13 02:19:37.718317570+00:00,1.4
2024-01-13 02:23:35.785800831+00:00,1.4
2024-01-13 02:27:33.955433296+00:00,1.4
2024-01-13 02:31:32.344143261+00:00,1.4
2024-01-13 02:35:30.120033537+00:00,1.4
2024-01-13 02:39:28.505873839+00:00,1.4
2024-01-13 02:43:27.137147202+00:00,1.4
2024-01-13 02:47:25.795525940+00:00,1.4
2024-01-13 02:51:23.879817519+00:00,1.4
2024-01-13 02:55:21.961899806+00:00,1.4
2024-01-13 02:59:19.633881992+00:00,1.4
2024-01-13 03:03:18.236778084+00:00,1.4
2024-01-13 03:07:16.518032667+00:00,1.4
2024-01-13 03:11:14.252863673+00:00,0.0
2024-01-13 03:15:12.678468157+00:00,1.4
2024-01-13 03:19:10.758382991+00:00,0.0
2024-01-13 03:23:09.456473702+00:00,0.0
2024-01-13 03:27:07.538981125+00:00,0.0
2024-01-13 03:31:05.312780392+00:00,0.0
2024-01-13 03:35:03.499721553+00:00,0.0
2024-01-13 03:39:01.684100216+00:00,0.0
2024-01-13 03:42:59.967470185+00:00,0.0
2024-01-13 03:46:57.947532253+00:00,0.0
2024-01-13 03:50:56.293131069+00:00,0.0
2024-01-13 03:54:54.382103578+00:00,0.0
2024-01-13 03:58:53.111601443+00:00,0.0
2024-01-13 04:02:51.877308493+00:00,0.0
2024-01-13 04:06:49.695125762+00:00,0.0
2024-01-13 04:10:46.848257793+00:00,0.0
2024-01-13 04:14:45.481647951+00:00,0.0
2024-01-13 04:18:43.522169613+00:00,0.0
2024-01-13 04:22:41.932075622+00:00,0.0
2024-01-13 04:26:40.097427623+00:00,0.0
2024-01-13 04:30:38.286483685+00:00,0.0
2024-01-13 04:34:36.638378826+00:00,0.0
2024-01-13 04:38:34.343198781+00:00,0.0
2024-01-13 04:42:32.936730816+00:00,0.0
2024-01-13 04:46:31.120214638+00:00,0.0
2024-01-13 04:50:29.157261830+00:00,0.0
2024-01-13 04:54:27.900544272+00:00,0.0
2024-01-13 04:58:26.084498921+00:00,0.0
2024-01-13 05:02:24.572437833+00:00,0.0
2024-01-13 05:06:23.385615417+00:00,0.0
2024-01-13 05:10:20.943032675+00:00,0.0
2024-01-13 05:14:18.717260582+00:00,0.0
2024-01-13 05:18:17.621601326+00:00,0.0
2024-01-13 05:22:15.294565543+00:00,0.0
2024-01-13 05:26:13.374532744+00:00,0.0
2024-01-13 05:30:12.273927330+00:00,0.0
2024-01-13 05:34:10.565420669+00:00,0.0
2024-01-13 05:38:08.404392621+00:00,0.0
2024-01-13 05:42:07.235108283+00:00,0.0
2024-01-13 05:46:06.238824654+00:00,0.0
2024-01-13 05:50:03.092540702+00:00,0.0
2024-01-13 05:54:01.685925136+00:00,0.0
2024-01-13 05:57:59.972930282+00:00,0.0
2024-01-13 06:01:58.155435141+00:00,0.0
2024-01-13 06:05:55.828135233+00:00,0.0
2024-01-13 06:09:54.421263826+00:00,0.0
2024-01-13 06:13:52.095656013+00:00,0.0
2024-01-13 06:17:50.893872136+00:00,0.0
2024-01-13 06:21:48.770978938+00:00,0.0
2024-01-13 06:25:47.056178268+00:00,0.0
2024-01-13 06:29:45.172494519+00:00,0.0
2024-01-13 06:33:44.107200636+00:00,0.0
2024-01-13 06:37:41.615433357+00:00,0.0
2024-01-13 06:41:39.793112551+00:00,0.0
2024-01-13 06:45:37.468261368+00:00,0.0
2024-01-13 06:49:36.287430902+00:00,0.0
2024-01-13 06:53:34.506756021+00:00,0.0
2024-01-13 06:57:32.020917982+00:00,0.0
2024-01-13 07:01:30.818689858+00:00,0.0
2024-01-13 07:05:28.767008474+00:00,0.0
2024-01-13 07:09:27.801618498+00:00,0.0
2024-01-13 07:13:25.268628318+00:00,0.0
2024-01-13 07:17:23.145975769+00:00,0.0
2024-01-13 07:21:21.163124068+00:00,0.0
2024-01-13 07:25:19.103156055+00:00,0.0
2024-01-13 07:29:17.901539943+00:00,0.0
2024-01-13 07:33:15.781140190+00:00,0.0
2024-01-13 07:37:13.969335486+00:00,0.0
2024-01-13 07:41:12.044996979+00:00,0.0
2024-01-13 07:45:10.102140611+00:00,0.0
2024-01-13 07:49:07.901722394+00:00,0.0
2024-01-13 07:53:06.497355847+00:00,0.0
2024-01-13 07:57:04.682420025+00:00,0.0
2024-01-13 08:01:02.863416146+00:00,0.0
2024-01-13 08:05:01.050321133+00:00,0.0
2024-01-13 08:08:59.129784070+00:00,0.0
2024-01-13 08:12:57.351786126+00:00,0.0
2024-01-13 08:16:55.602090607+00:00,0.0
2024-01-13 08:20:53.887680892+00:00,0.0
2024-01-13 08:24:51.971161640+00:00,0.0
2024-01-13 08:28:50.155145771+00:00,0.0
2024-01-13 08:32:47.829953228+00:00,0.0
2024-01-13 08:36:46.010551804+00:00,0.0
2024-01-13 08:40:44.603312912+00:00,0.0
2024-01-13 08:44:42.175320817+00:00,0.0
2024-01-13 08:48:41.075181315+00:00,0.0
2024-01-13 08:52:39.463806695+00:00,0.0
2024-01-13 08:56:37.548487778+00:00,0.0
2024-01-13 09:00:35.834046697+00:00,0.0
2024-01-13 09:04:34.016117827+00:00,0.0
2024-01-13 09:08:32.305206979+00:00,0.0
2024-01-13 09:12:29.875442275+00:00,0.0
2024-01-13 09:16:28.058020149+00:00,0.0
2024-01-13 09:20:26.755681778+00:00,0.0
2024-01-13 09:24:25.044607283+00:00,0.0
2024-01-13 09:28:23.331423633+00:00,0.0
2024-01-13 09:32:21.410608361+00:00,0.0
2024-01-13 09:36:19.492334507+00:00,0.0
2024-01-13 09:40:17.777582504+00:00,0.0
2024-01-13 09:44:15.858909530+00:00,0.0
2024-01-13 09:48:14.146955837+00:00,0.0
2024-01-13 09:52:12.842019282+00:00,0.0
2024-01-13 09:56:09.900450336+00:00,0.0
2024-01-13 10:00:08.699533949+00:00,0.0
2024-01-13 10:04:07.499991415+00:00,0.0
2024-01-13 10:08:05.846816076+00:00,0.0
2024-01-13 10:12:02.944570269+00:00,0.0
2024-01-13 10:16:01.744389451+00:00,0.0
2024-01-13 10:20:00.441278656+00:00,0.0
2024-01-13 10:23:57.957176332+00:00,0.0
2024-01-13 10:27:56.295272016+00:00,0.0
2024-01-13 10:31:54.582331602+00:00,0.0
2024-01-13 10:35:52.254740152+00:00,0.0
2024-01-13 10:39:51.053894492+00:00,0.0
2024-01-13 10:43:48.830709203+00:00,0.0
2024-01-13 10:47:46.810131003+00:00,0.0
2024-01-13 10:50:00.879079358+00:00,0.0
2024-01-13 10:50:20.203358377+00:00,0.0
2024-01-13 10:56:17.684739194+00:00,0.0
2024-01-13 11:00:15.974620585+00:00,0.0
2024-01-13 11:04:14.872604826+00:00,0.0
2024-01-13 11:08:12.545003904+00:00,0.0
2024-01-13 11:12:10.217643163+00:00,0.0
2024-01-13 11:16:09.323621350+00:00,0.0
2024-01-13 11:20:07.301358748+00:00,0.0
2024-01-13 11:24:04.871631463+00:00,0.0
2024-01-13 11:28:03.567042137+00:00,0.0
2024-01-13 11:32:01.856482578+00:00,0.0
2024-01-13 11:35:59.525277193+00:00,0.0
2024-01-13 11:39:57.709177799+00:00,0.0
2024-01-13 11:43:56.404814+00:00,0.0
2024-01-13 11:47:54.487956387+00:00,0.0
2024-01-13 11:51:52.384376661+00:00,0.0
2024-01-13 11:55:51.469734505+00:00,0.0
2024-01-13 11:59:49.163636282+00:00,0.0
2024-01-13 12:03:46.915545317+00:00,0.0
2024-01-13 12:07:45.715198380+00:00,0.0
2024-01-13 12:11:43.387866900+00:00,0.0
2024-01-13 14:00:12.850312855+00:00,0.0
2024-01-13 14:04:09.858871360+00:00,53.4
2024-01-13 14:08:08.263211801+00:00,82.4
2024-01-13 14:12:06.128893010+00:00,92.4
2024-01-13 14:16:04.137385393+00:00,98.4
2024-01-13 14:20:03.603668813+00:00,100.0
2024-01-13 14:24:00.536971690+00:00,4.4
